||||||Drugs|101
||||||Total Sections|239
||||||Adverse Reactions Sections|101
||||||Warnings and Precautions Sections|100
|Section Count|||||Boxed Warnings Sections|38
Death|101|28|52|21|57||
Hypersensitivity|100|54|43|3|63||
Nausea|91|76|14|1|77||
Rash|90|68|21|1|74||
Headache|77|69|8|0|69||
Diarrhoea|73|57|15|1|59||
Vomiting|67|54|12|1|55||
Dizziness|66|55|11|0|55||
Dyspnoea|57|37|16|4|43||
Anaphylactic reaction|56|23|30|3|36||
Pruritus|56|44|12|0|45||
Abdominal pain|54|47|6|1|49||
Fatigue|53|48|5|0|50||
Alanine aminotransferase increased|46|34|12|0|36||
Angioedema|44|26|17|1|31||
Hypotension|44|21|20|3|32||
Pyrexia|44|34|10|0|39||
Urticaria|44|27|15|2|34||
Asthenia|41|32|7|2|34||
Infection|41|20|17|4|24||
Cough|40|37|2|1|38||
Arthralgia|39|35|4|0|35||
Constipation|39|39|0|0|39||
Neutropenia|39|24|13|2|27||
Pneumonia|39|29|9|1|32||
Hypertension|38|28|9|1|29||
Anaemia|35|29|6|0|29||
Aspartate aminotransferase increased|35|27|8|0|28||
Nasopharyngitis|35|34|1|0|34||
Upper respiratory tract infection|35|33|2|0|34||
Insomnia|33|31|2|0|31||
Back pain|32|31|1|0|31||
Thrombocytopenia|32|23|9|0|25||
Dyspepsia|31|31|0|0|31||
Urinary tract infection|31|27|4|0|28||
Decreased appetite|30|30|0|0|30||
Hepatotoxicity|29|14|14|1|16||
Oedema peripheral|29|27|2|0|29||
Vision blurred|28|21|5|2|23||
Acute kidney injury|27|14|13|0|21||
Erythema|26|17|7|2|21||
Seizure|26|14|12|0|20||
Blood creatinine increased|25|18|7|0|18||
Neoplasm malignant|25|9|13|3|15||
Pain in extremity|25|23|2|0|24||
Skin reaction|25|12|13|0|16||
Transaminases increased|25|14|11|0|21||
Blood bilirubin increased|24|17|7|0|21||
Dehydration|24|18|6|0|22||
Electrocardiogram QT prolonged|24|11|12|1|16||
Hyperglycaemia|24|18|6|0|21||
Paraesthesia|24|23|1|0|23||
Somnolence|23|16|7|0|16||
Syncope|23|14|9|0|20||
Anxiety|22|20|2|0|21||
Bronchitis|22|20|2|0|20||
Hypokalaemia|22|18|4|0|20||
Leukopenia|22|17|5|0|18||
Muscle spasms|22|22|0|0|22||
Myalgia|22|18|4|0|19||
Renal impairment|22|10|12|0|14||
Sepsis|22|16|6|0|18||
Chills|21|18|3|0|18||
Dry mouth|21|21|0|0|21||
Dysgeusia|21|21|0|0|21||
Pancreatitis|21|14|7|0|18||
Tachycardia|21|15|5|1|15||
Depression|20|17|3|0|18||
Flushing|20|11|8|1|15||
Foetal damage|20|0|19|1|20||
Opportunistic infection|20|5|13|2|13||
Haemorrhage|19|10|8|1|11||
Injection site reaction|19|18|1|0|18||
Maternal drugs affecting foetus|19|1|17|1|18||
Pneumonitis|19|9|9|1|11||
Renal failure|19|13|6|0|14||
Sinusitis|19|17|2|0|18||
Abdominal pain upper|18|18|0|0|18||
Cardiac failure|18|9|7|2|12||
Haemoglobin decreased|18|16|2|0|16||
Hyperhidrosis|18|14|4|0|16||
Hypoglycaemia|18|12|6|0|12||
Myocardial infarction|18|10|7|1|13||
Influenza|17|15|2|0|16||
Interstitial lung disease|17|9|8|0|11||
Vertigo|17|16|1|0|16||
Dysphagia|16|11|3|2|11||
Hepatic failure|16|7|8|1|10||
Muscular weakness|16|10|4|2|11||
Platelet count decreased|16|14|2|0|14||
Tremor|16|15|1|0|15||
Blood pressure increased|15|9|6|0|12||
Confusional state|15|8|7|0|12||
Gastrooesophageal reflux disease|15|15|0|0|15||
Hepatic enzyme increased|15|10|5|0|13||
Stevens-Johnson syndrome|15|8|7|0|11||
Weight decreased|15|14|1|0|14||
Alopecia|14|14|0|0|14||
Febrile neutropenia|14|10|4|0|10||
Gastrointestinal disorder|14|8|5|1|10||
Haematuria|14|12|2|0|13||
Hepatitis|14|10|3|1|12||
Infusion related reaction|14|8|6|0|9||
Musculoskeletal pain|14|14|0|0|14||
Neuropathy peripheral|14|10|3|1|11||
Pain|14|12|2|0|12||
Stomatitis|14|13|1|0|13||
Suicidal ideation|14|7|6|1|9||
Viral infection|14|6|6|2|9||
Arrhythmia|13|7|6|0|11||
Bradycardia|13|6|6|1|9||
Cardiovascular symptom|13|2|10|1|11||
Cerebrovascular accident|13|3|8|2|9||
Chest pain|13|11|2|0|12||
Embolism|13|5|8|0|9||
Epistaxis|13|12|1|0|13||
Lymphopenia|13|11|2|0|12||
Neutrophil count decreased|13|11|2|0|11||
Oropharyngeal pain|13|13|0|0|13||
Palpitations|13|12|1|0|13||
Pulmonary embolism|13|8|5|0|10||
Suicidal behaviour|13|5|7|1|8||
Tuberculosis|13|3|8|2|8||
Weight increased|13|11|2|0|11||
Abdominal discomfort|12|12|0|0|12||
Atrial fibrillation|12|11|1|0|11||
Blood alkaline phosphatase increased|12|11|1|0|12||
Bronchospasm|12|7|3|2|9||
Dermatitis allergic|12|8|4|0|10||
Face oedema|12|5|6|1|10||
Hypophosphataemia|12|11|1|0|11||
Injection site pain|12|12|0|0|12||
Proteinuria|12|8|3|1|9||
Toxic epidermal necrolysis|12|4|7|1|8||
Tumour lysis syndrome|12|6|6|0|6||
Bacterial infection|11|4|5|2|6||
Deep vein thrombosis|11|6|4|1|7||
Dermatitis|11|8|2|1|8||
Diplopia|11|6|3|2|7||
Flatulence|11|11|0|0|11||
Gait disturbance|11|10|1|0|10||
Hypoaesthesia|11|11|0|0|11||
Hyponatraemia|11|9|2|0|9||
Oedema|11|8|3|0|9||
Pharyngeal oedema|11|6|5|0|10||
Progressive multifocal leukoencephalopathy|11|4|6|1|6||
Rash generalised|11|8|2|1|10||
Respiratory failure|11|6|5|0|10||
Rhinitis|11|11|0|0|11||
Acute respiratory distress syndrome|10|6|4|0|8||
Blood glucose increased|10|7|3|0|9||
Cardiac arrest|10|7|3|0|8||
Chest discomfort|10|5|4|1|8||
Completed suicide|10|2|8|0|9||
Conjunctivitis|10|9|1|0|10||
Dry skin|10|10|0|0|10||
Eyelid oedema|10|9|1|0|9||
Malaise|10|9|1|0|10||
Thrombosis|10|4|5|1|6||
Angina pectoris|9|8|1|0|9||
Blood creatine phosphokinase increased|9|7|2|0|8||
Candida infection|9|3|4|2|5||
Colitis|9|4|4|1|7||
Diabetes mellitus|9|6|3|0|8||
Dysarthria|9|5|2|2|6||
Dysphonia|9|5|2|2|6||
Dyspnoea exertional|9|8|1|0|8||
Fall|9|8|1|0|9||
Gamma-glutamyltransferase increased|9|9|0|0|9||
Gastritis|9|9|0|0|9||
Gastrointestinal haemorrhage|9|5|3|1|9||
Herpes zoster|9|7|2|0|8||
Hypomagnesaemia|9|8|1|0|8||
Lymphocyte count decreased|9|6|3|0|8||
Nephrogenic systemic fibrosis|9|3|3|3|3||
Orthostatic hypotension|9|7|2|0|7||
Pancytopenia|9|5|4|0|7||
Pharyngitis|9|9|0|0|9||
Pneumocystis jirovecii pneumonia|9|1|6|2|7||
Pollakiuria|9|9|0|0|9||
Rash macular|9|8|1|0|9||
Rash maculo-papular|9|8|1|0|9||
Swollen tongue|9|3|5|1|6||
Visual acuity reduced|9|4|4|1|6||
White blood cell count decreased|9|9|0|0|9||
Abdominal distension|8|8|0|0|8||
Agranulocytosis|8|4|3|1|5||
Anaphylactic shock|8|7|1|0|7||
Balance disorder|8|5|3|0|7||
Blindness|8|3|4|1|4||
Blood triglycerides increased|8|6|2|0|8||
Bone pain|8|6|2|0|6||
Cardiac failure congestive|8|4|4|0|6||
Cataract|8|5|3|0|7||
Contusion|8|6|2|0|6||
Embolism venous|8|3|5|0|6||
Erectile dysfunction|8|4|3|1|5||
Fungal infection|8|3|5|0|6||
Guillain-Barre syndrome|8|2|6|0|8||
Hyperkalaemia|8|7|1|0|7||
Hypocalcaemia|8|7|1|0|7||
Liver disorder|8|4|4|0|7||
Low density lipoprotein increased|8|5|3|0|5||
Migraine|8|7|1|0|7||
Posterior reversible encephalopathy syndrome|8|4|4|0|4||
Sedation|8|3|5|0|5||
Throat tightness|8|3|3|2|5||
Urinary retention|8|6|2|0|6||
Wheezing|8|5|3|0|7||
Acne|7|7|0|0|7||
Arterial thrombosis|7|3|4|0|5||
Aspergillus infection|7|1|4|2|4||
Bone density decreased|7|3|4|0|5||
Cerebral haemorrhage|7|5|2|0|7||
Cystitis|7|7|0|0|7||
Cytomegalovirus infection|7|1|6|0|6||
Dermatitis bullous|7|4|3|0|6||
Disorientation|7|4|3|0|6||
Disturbance in attention|7|5|2|0|6||
Drug reaction with eosinophilia and systemic symptoms|7|4|3|0|5||
Dysuria|7|6|1|0|6||
Eosinophilia|7|5|2|0|7||
Eyelid ptosis|7|2|3|2|3||
Feeling hot|7|4|3|0|6||
Fluid retention|7|4|3|0|5||
Fracture|7|5|2|0|5||
Glomerular filtration rate decreased|7|3|4|0|4||
Gynaecomastia|7|5|2|0|6||
Haematoma|7|4|1|2|6||
Hepatomegaly|7|5|1|1|5||
Hot flush|7|7|0|0|7||
Hypertriglyceridaemia|7|6|1|0|6||
Hypovolaemia|7|3|4|0|4||
Increased appetite|7|7|0|0|7||
Injection site erythema|7|7|0|0|7||
Injection site haemorrhage|7|6|1|0|6||
Injection site irritation|7|7|0|0|7||
Irritability|7|6|1|0|7||
Lethargy|7|5|2|0|7||
Lipase increased|7|6|1|0|6||
Liver function test abnormal|7|3|4|0|7||
Liver injury|7|3|4|0|5||
Memory impairment|7|4|3|0|6||
Mouth ulceration|7|6|1|0|6||
Myocardial ischaemia|7|5|2|0|5||
Nasal congestion|7|6|1|0|7||
Pancreatitis acute|7|5|2|0|5||
Peripheral sensory neuropathy|7|6|1|0|6||
Pulmonary toxicity|7|5|2|0|5||
Rash papular|7|6|1|0|7||
Skin cancer|7|3|4|0|5||
Tinnitus|7|6|1|0|7||
Transient ischaemic attack|7|3|4|0|6||
Urinary incontinence|7|3|2|2|5||
Visual impairment|7|4|3|0|6||
Agitation|6|5|1|0|6||
Amylase increased|6|5|1|0|6||
Anaphylactoid reaction|6|3|3|0|5||
Blood potassium decreased|6|4|2|0|6||
Bone marrow failure|6|3|3|0|3||
Burning sensation|6|5|1|0|6||
Cellulitis|6|5|1|0|6||
Clostridium difficile colitis|6|3|3|0|3||
Cognitive disorder|6|3|3|0|5||
Cyanosis|6|3|2|1|4||
Dyslipidaemia|6|4|2|0|6||
Ecchymosis|6|4|2|0|5||
Enterocolitis|6|3|2|1|4||
Erythema multiforme|6|4|2|0|5||
Eye pain|6|4|2|0|5||
Fibrosis|6|0|3|3|3||
Foetal death|6|0|5|1|5||
Gastric haemorrhage|6|4|2|0|5||
Genital infection fungal|6|3|3|0|3||
Haemoptysis|6|4|1|1|5||
Heart rate increased|6|4|2|0|5||
Immune reconstitution inflammatory syndrome|6|3|3|0|3||
Impaired healing|6|2|4|0|5||
Injection site haematoma|6|6|0|0|6||
Injection site pruritus|6|6|0|0|6||
JC virus infection|6|1|4|1|4||
Lacrimation increased|6|5|1|0|6||
Lip swelling|6|3|2|1|4||
Lymphoma|6|2|2|2|3||
Mucosal inflammation|6|6|0|0|6||
Nervousness|6|5|1|0|5||
Palmar-plantar erythrodysaesthesia syndrome|6|4|2|0|5||
Petechiae|6|4|2|0|5||
Photosensitivity reaction|6|6|0|0|6||
Rash erythematous|6|5|1|0|6||
Respiratory tract infection|6|6|0|0|6||
Rhabdomyolysis|6|4|2|0|6||
Septic shock|6|3|3|0|4||
Skin exfoliation|6|5|1|0|5||
Sudden death|6|2|3|1|5||
Systemic mycosis|6|1|3|2|3||
Teratogenicity|6|0|6|0|6||
Thyroid C-cell hyperplasia|6|2|2|2|2||
Thyroid neoplasm|6|2|2|2|2||
Abnormal dreams|5|4|1|0|4||
Aggression|5|4|1|0|5||
Alanine aminotransferase abnormal|5|4|1|0|5||
Amenorrhoea|5|2|3|0|4||
Amnesia|5|4|1|0|5||
Aspiration|5|1|4|0|5||
Autoimmune disorder|5|1|4|0|5||
Blood cholesterol increased|5|4|1|0|5||
Blood phosphorus decreased|5|5|0|0|5||
Blood pressure diastolic increased|5|1|4|0|5||
Bronchospasm paradoxical|5|2|3|0|3||
Cardiovascular disorder|5|2|2|1|3||
Coma|5|2|3|0|5||
Dermatitis acneiform|5|4|1|0|4||
Drug eruption|5|4|1|0|4||
Dyskinesia|5|2|3|0|3||
Eczema|5|4|1|0|4||
Eye irritation|5|4|1|0|4||
Eye symptom|5|4|1|0|5||
Gastroenteritis|5|5|0|0|5||
Gastrointestinal perforation|5|1|3|1|3||
Haemorrhagic stroke|5|4|1|0|5||
Hepatic steatosis|5|3|1|1|3||
Hepatitis B|5|0|5|0|5||
Herpes virus infection|5|3|2|0|4||
Hyperbilirubinaemia|5|4|1|0|4||
Hypercholesterolaemia|5|5|0|0|5||
Hypoalbuminaemia|5|4|1|0|5||
Immunosuppression|5|1|4|0|5||
Influenza like illness|5|5|0|0|5||
Intestinal perforation|5|2|2|1|2||
Intraocular pressure increased|5|2|3|0|3||
Ketoacidosis|5|1|4|0|5||
Laryngeal pain|5|5|0|0|5||
Lipids abnormal|5|2|3|0|5||
Lymphadenopathy|5|3|2|0|5||
Mental status changes|5|0|5|0|5||
Metrorrhagia|5|4|1|0|4||
Muscle rigidity|5|1|4|0|4||
Musculoskeletal stiffness|5|5|0|0|5||
Myositis|5|2|3|0|5||
Nephrolithiasis|5|5|0|0|5||
Nephrotic syndrome|5|2|2|1|3||
Nervous system disorder|5|2|3|0|5||
Night sweats|5|5|0|0|5||
Nystagmus|5|4|1|0|4||
Periorbital oedema|5|2|2|1|3||
Peripheral motor neuropathy|5|3|2|0|4||
Rash pruritic|5|3|2|0|5||
Respiratory arrest|5|3|2|0|4||
Restlessness|5|3|2|0|4||
Retching|5|3|1|1|4||
Rhinorrhoea|5|4|1|0|5||
Skin discolouration|5|4|1|0|4||
Skin necrosis|5|2|2|1|3||
Sneezing|5|3|2|0|5||
Toothache|5|4|1|0|5||
Vaginal haemorrhage|5|4|1|0|4||
Venous thrombosis|5|2|3|0|4||
Acute respiratory failure|4|3|1|0|4||
Adrenal insufficiency|4|2|2|0|2||
Akathisia|4|3|1|0|4||
Angiopathy|4|3|1|0|4||
Angle closure glaucoma|4|2|2|0|2||
Aphthous stomatitis|4|4|0|0|4||
Asthma|4|3|1|0|4||
Ataxia|4|3|1|0|3||
Atrial flutter|4|3|1|0|4||
Atrioventricular block|4|3|1|0|3||
Balanoposthitis|4|4|0|0|4||
Blastomycosis|4|0|2|2|2||
Blood bicarbonate decreased|4|4|0|0|4||
Blood pressure systolic increased|4|0|4|0|4||
Blood prolactin increased|4|2|2|0|3||
Blood sodium decreased|4|2|2|0|4||
Breast enlargement|4|1|3|0|4||
Capillary leak syndrome|4|2|2|0|2||
Cardiac death|4|1|3|0|3||
Coccidioidomycosis|4|0|2|2|2||
Congenital anomaly|4|0|4|0|4||
Coordination abnormal|4|1|3|0|4||
Delirium|4|3|1|0|4||
Dermatitis contact|4|2|2|0|3||
Drug hypersensitivity|4|3|1|0|4||
Dry eye|4|4|0|0|4||
Ear infection|4|3|1|0|3||
Encephalopathy|4|2|2|0|3||
Exposure to radiation|4|0|4|0|4||
Extradural haematoma|4|0|2|2|2||
Fat redistribution|4|1|3|0|3||
Feeling abnormal|4|4|0|0|4||
Fistula|4|2|1|1|2||
Gallbladder disorder|4|2|2|0|2||
Gastrointestinal toxicity|4|3|1|0|3||
Haematochezia|4|3|1|0|4||
Haematocrit decreased|4|4|0|0|4||
Haematology test abnormal|4|2|2|0|4||
Haematotoxicity|4|3|1|0|3||
Haemorrhage intracranial|4|3|1|0|3||
Haemorrhoids|4|4|0|0|4||
Hallucination|4|2|2|0|3||
Heart rate decreased|4|1|3|0|4||
Hepatic function abnormal|4|3|1|0|4||
Histoplasmosis|4|0|2|2|2||
Hyperpyrexia|4|1|3|0|3||
Hypersomnia|4|2|2|0|3||
Hypertensive crisis|4|2|2|0|3||
Hyperuricaemia|4|4|0|0|4||
Hypothyroidism|4|2|2|0|3||
Ileus|4|2|2|0|4||
Injection site bruising|4|4|0|0|4||
Injection site swelling|4|4|0|0|4||
Jaundice|4|3|1|0|4||
Laryngeal oedema|4|2|2|0|4||
Legionella infection|4|0|2|2|2||
Libido decreased|4|4|0|0|4||
Lipohypertrophy|4|1|3|0|3||
Listeriosis|4|0|2|2|2||
Lower respiratory tract infection|4|4|0|0|4||
Medullary thyroid cancer|4|0|2|2|2||
Menorrhagia|4|4|0|0|4||
Motor dysfunction|4|1|3|0|3||
Multi-organ failure|4|3|1|0|4||
Neck pain|4|4|0|0|4||
Nephritis|4|1|3|0|3||
Neuroleptic malignant syndrome|4|1|3|0|3||
Neurological symptom|4|1|3|0|3||
Neurotoxicity|4|1|2|1|2||
Oral candidiasis|4|3|1|0|3||
Osteonecrosis of jaw|4|2|2|0|2||
Pallor|4|3|1|0|3||
Panic attack|4|3|1|0|4||
Paralysis|4|0|2|2|2||
Pericardial effusion|4|2|2|0|3||
Pericarditis|4|3|1|0|3||
Platelet count increased|4|2|2|0|4||
Polymyositis|4|0|4|0|4||
Polyuria|4|4|0|0|4||
Pulmonary fibrosis|4|3|1|0|3||
Pulmonary oedema|4|2|2|0|3||
Pyelonephritis|4|4|0|0|4||
Rash pustular|4|3|1|0|3||
Respiratory distress|4|2|1|1|3||
Salivary hypersecretion|4|4|0|0|4||
Serum sickness|4|2|2|0|3||
Skin infection|4|2|2|0|3||
Speech disorder|4|1|3|0|3||
Spinal cord haematoma|4|0|2|2|2||
Suicide attempt|4|3|1|0|4||
Thirst|4|4|0|0|4||
Throat irritation|4|3|1|0|4||
Uveitis|4|2|2|0|4||
Visual field defect|4|1|3|0|3||
Vulvovaginal candidiasis|4|4|0|0|4||
Vulvovaginal mycotic infection|4|4|0|0|4||
White blood cell count increased|4|4|0|0|4||
Wound complication|4|2|2|0|3||
Abdominal pain lower|3|3|0|0|3||
Abscess|3|3|0|0|3||
Accommodation disorder|3|3|0|0|3||
Acute hepatic failure|3|2|1|0|3||
Altered state of consciousness|3|1|2|0|3||
Aphasia|3|2|1|0|3||
Apnoea|3|1|1|1|1||
Application site dermatitis|3|3|0|0|3||
Application site erosion|3|2|1|0|3||
Application site erythema|3|2|1|0|3||
Application site irritation|3|3|0|0|3||
Application site pain|3|3|0|0|3||
Application site vesicles|3|2|1|0|3||
Arthropathy|3|2|1|0|3||
Aspartate aminotransferase abnormal|3|2|1|0|3||
Autonomic nervous system imbalance|3|0|3|0|3||
Balanitis candida|3|3|0|0|3||
Basal cell carcinoma|3|2|1|0|3||
Basedow's disease|3|0|3|0|3||
Blepharitis|3|2|1|0|3||
Blister|3|1|2|0|3||
Blood bilirubin abnormal|3|2|1|0|3||
Blood glucose decreased|3|3|0|0|3||
Blood potassium increased|3|3|0|0|3||
Blood thyroid stimulating hormone increased|3|2|1|0|3||
Body fat disorder|3|0|3|0|3||
Breast cancer|3|1|2|0|3||
Breast pain|3|3|0|0|3||
Cardiac disorder|3|1|1|1|3||
Cardiopulmonary failure|3|1|1|1|1||
Central obesity|3|0|3|0|3||
Cholecystitis|3|3|0|0|3||
Cholelithiasis|3|3|0|0|3||
Congenital musculoskeletal anomaly|3|0|3|0|3||
Conjunctival hyperaemia|3|3|0|0|3||
Cushingoid|3|0|3|0|3||
Cutaneous symptom|3|0|3|0|3||
Cytokine release syndrome|3|1|1|1|1||
Cytopenia|3|1|2|0|2||
Deafness|3|2|1|0|3||
Dermatitis exfoliative|3|1|2|0|3||
Discomfort|3|3|0|0|3||
Disseminated tuberculosis|3|1|0|2|2||
Dizziness postural|3|3|0|0|3||
Drug-induced liver injury|3|1|2|0|2||
Dystonia|3|3|0|0|3||
Ejection fraction decreased|3|1|2|0|2||
Electrocardiogram change|3|0|3|0|3||
Encephalitis|3|1|2|0|3||
Endocrine disorder|3|1|1|1|1||
Exfoliative rash|3|2|1|0|3||
Extrapulmonary tuberculosis|3|1|0|2|2||
Eye disorder|3|2|1|0|3||
Eye haemorrhage|3|3|0|0|3||
Eye inflammation|3|2|1|0|3||
Eye pruritus|3|3|0|0|3||
Facial wasting|3|0|3|0|3||
Feeling cold|3|3|0|0|3||
Fluid overload|3|1|1|1|1||
Fracture of penis|3|1|1|1|1||
Frequent bowel movements|3|3|0|0|3||
Galactorrhoea|3|1|2|0|2||
Gastroenteritis viral|3|3|0|0|3||
Genital infection female|3|3|0|0|3||
Genital infection male|3|3|0|0|3||
Glossodynia|3|3|0|0|3||
Glucose tolerance impaired|3|1|2|0|2||
Haematemesis|3|3|0|0|3||
Haemolytic anaemia|3|1|2|0|3||
Hepatocellular injury|3|1|2|0|3||
Herpes simplex|3|1|2|0|3||
Hypercalcaemia|3|3|0|0|3||
Hyperlipidaemia|3|2|1|0|3||
Hyperprolactinaemia|3|1|2|0|2||
Hyperthermia|3|1|2|0|3||
Hypogonadism|3|0|3|0|3||
Hypoxia|3|1|1|1|1||
Impaired driving ability|3|1|2|0|2||
Infection parasitic|3|0|3|0|3||
Infusion site reaction|3|3|0|0|3||
Injection site warmth|3|3|0|0|3||
Injury|3|1|2|0|3||
Intestinal obstruction|3|3|0|0|3||
Iritis|3|1|2|0|3||
Ischaemic stroke|3|2|1|0|2||
Laceration|3|2|1|0|2||
Lactic acidosis|3|1|1|1|1||
Laryngitis|3|3|0|0|3||
Leukocytosis|3|3|0|0|3||
Lipoatrophy|3|0|3|0|3||
Local reaction|3|2|1|0|3||
Lung infiltration|3|2|1|0|3||
Lupus-like syndrome|3|2|1|0|2||
Macular oedema|3|2|1|0|2||
Malignant melanoma|3|1|2|0|2||
Mania|3|2|1|0|2||
Melaena|3|2|1|0|3||
Menstrual disorder|3|3|0|0|3||
Menstruation irregular|3|3|0|0|3||
Metabolic acidosis|3|2|1|0|3||
Metabolic disorder|3|1|2|0|2||
Mood swings|3|3|0|0|3||
Muscle twitching|3|3|0|0|3||
Musculoskeletal chest pain|3|3|0|0|3||
Mycobacterial infection|3|0|3|0|3||
Mycobacterium avium complex infection|3|0|3|0|3||
Myelodysplastic syndrome|3|1|2|0|2||
Myocarditis|3|0|3|0|3||
Non-Hodgkin's lymphoma|3|0|3|0|3||
Obsessive-compulsive disorder|3|3|0|0|3||
Ocular hyperaemia|3|2|1|0|3||
Optic neuritis|3|1|2|0|2||
Oxygen saturation decreased|3|2|1|0|2||
Parosmia|3|3|0|0|3||
Penile haematoma|3|1|1|1|1||
Penile haemorrhage|3|1|1|1|1||
Penis disorder|3|1|1|1|1||
Penis injury|3|1|1|1|1||
Phlebitis|3|3|0|0|3||
Photophobia|3|2|1|0|3||
Pleural effusion|3|2|1|0|2||
Polyneuropathy|3|3|0|0|3||
Post transplant lymphoproliferative disorder|3|1|1|1|1||
Procedural pain|3|2|1|0|3||
Pruritus generalised|3|3|0|0|3||
Pulmonary hypertension|3|2|1|0|2||
Pulmonary tuberculosis|3|3|0|0|3||
Rectal haemorrhage|3|3|0|0|3||
Respiratory disorder|3|2|0|1|3||
Respiratory symptom|3|0|3|0|3||
Respiratory tract oedema|3|0|3|0|3||
Retinal detachment|3|1|2|0|2||
Retinal disorder|3|1|1|1|1||
Retinal vein occlusion|3|1|2|0|2||
Retinal vein thrombosis|3|2|1|0|2||
Sarcoidosis|3|2|1|0|3||
Sinus congestion|3|3|0|0|3||
Skin toxicity|3|1|2|0|2||
Skin ulcer|3|1|2|0|2||
Tardive dyskinesia|3|1|2|0|2||
Thrombocytosis|3|3|0|0|3||
Thyroid adenoma|3|0|2|1|2||
Thyroid cancer|3|0|2|1|2||
Tubulointerstitial nephritis|3|3|0|0|3||
Urinary hesitation|3|2|1|0|2||
Vasculitis|3|2|1|0|3||
Vulvovaginitis|3|3|0|0|3||
Abdominal infection|2|1|1|0|1||
Abdominal tenderness|2|2|0|0|2||
Abnormal behaviour|2|2|0|0|2||
Actinic keratosis|2|2|0|0|2||
Acute hepatitis B|2|1|0|1|1||
Acute leukaemia|2|0|2|0|2||
Administration site irritation|2|0|2|0|2||
Adrenal suppression|2|1|1|0|1||
Allergic oedema|2|2|0|0|2||
Anorgasmia|2|2|0|0|2||
Antinuclear antibody positive|2|2|0|0|2||
Antithrombin III decreased|2|0|2|0|2||
Aplastic anaemia|2|0|2|0|2||
Application site anaesthesia|2|2|0|0|2||
Application site dryness|2|2|0|0|2||
Application site exfoliation|2|2|0|0|2||
Application site inflammation|2|2|0|0|2||
Application site pruritus|2|2|0|0|2||
Application site reaction|2|2|0|0|2||
Application site swelling|2|1|1|0|2||
Application site ulcer|2|1|1|0|2||
Arthritis|2|1|1|0|2||
Atrioventricular block first degree|2|1|1|0|2||
Atypical femur fracture|2|1|1|0|1||
Atypical pneumonia|2|2|0|0|2||
Bacteraemia|2|0|2|0|2||
Bacterial sepsis|2|0|0|2|2||
Bipolar I disorder|2|1|1|0|2||
Bladder cancer|2|1|1|0|1||
Blepharospasm|2|2|0|0|2||
Blood calcium decreased|2|2|0|0|2||
Blood cholesterol abnormal|2|2|0|0|2||
Blood creatinine abnormal|2|2|0|0|2||
Blood disorder|2|1|1|0|2||
Blood gonadotrophin decreased|2|0|2|0|2||
Blood lactate dehydrogenase increased|2|2|0|0|2||
Blood parathyroid hormone increased|2|1|1|0|1||
Blood phosphorus increased|2|2|0|0|2||
Blood pressure abnormal|2|0|2|0|2||
Blood pressure decreased|2|1|1|0|2||
Blood urea increased|2|1|1|0|2||
Blood urine present|2|2|0|0|2||
Blood zinc decreased|2|1|1|0|1||
Bradykinesia|2|2|0|0|2||
Bronchopneumonia|2|2|0|0|2||
Bruxism|2|2|0|0|2||
Bundle branch block|2|2|0|0|2||
Carcinogenicity|2|0|1|1|1||
Cardio-respiratory arrest|2|2|0|0|2||
Cardiomyopathy|2|1|1|0|1||
Cardiotoxicity|2|1|1|0|1||
Cataract subcapsular|2|1|1|0|1||
Catatonia|2|1|1|0|1||
Cerebrovascular disorder|2|0|2|0|2||
Chemical eye injury|2|1|1|0|1||
Chloasma|2|1|1|0|1||
Chromaturia|2|2|0|0|2||
Chronic kidney disease|2|0|2|0|2||
Chronic leukaemia|2|0|2|0|2||
Circulatory collapse|2|1|1|0|2||
Compartment syndrome|2|2|0|0|2||
Complex regional pain syndrome|2|1|1|0|2||
Conjunctival haemorrhage|2|2|0|0|2||
Coombs direct test positive|2|1|1|0|1||
Corneal oedema|2|2|0|0|2||
Creatinine renal clearance decreased|2|1|1|0|1||
Creutzfeldt-Jakob disease|2|0|2|0|2||
Delusion|2|2|0|0|2||
Dementia|2|0|1|1|1||
Demyelination|2|0|2|0|2||
Dependence|2|1|1|0|1||
Depressed mood|2|1|1|0|2||
Detachment of retinal pigment epithelium|2|1|1|0|2||
Drug dependence|2|1|1|0|1||
Dry throat|2|2|0|0|2||
Dysaesthesia|2|2|0|0|2||
Dysmenorrhoea|2|2|0|0|2||
Ejaculation failure|2|2|0|0|2||
Electrocardiogram PR prolongation|2|1|1|0|2||
Electrocardiogram ST segment depression|2|0|2|0|2||
Electrocardiogram T wave amplitude decreased|2|0|2|0|2||
Electrocardiogram abnormal|2|2|0|0|2||
Endocarditis|2|1|1|0|1||
Endometrial cancer|2|0|1|1|1||
Endophthalmitis|2|1|1|0|1||
Enteritis|2|2|0|0|2||
Enuresis|2|2|0|0|2||
Eosinophilic pneumonia|2|1|1|0|1||
Epigastric discomfort|2|2|0|0|2||
Episcleritis|2|1|1|0|2||
Erection increased|2|1|1|0|1||
Erythema nodosum|2|2|0|0|2||
Extrapyramidal disorder|2|2|0|0|2||
Extrasystoles|2|1|1|0|1||
Extravasation|2|1|1|0|1||
Eye burns|2|1|1|0|1||
Eye infection|2|1|1|0|1||
Eye swelling|2|2|0|0|2||
Facial paresis|2|2|0|0|2||
Fanconi syndrome|2|1|1|0|1||
Femur fracture|2|1|1|0|1||
Foetal growth restriction|2|0|2|0|2||
Folliculitis|2|2|0|0|2||
Gasping syndrome|2|0|2|0|2||
Gastrointestinal fistula|2|0|2|0|2||
Gastrointestinal malformation|2|0|2|0|2||
Generalised oedema|2|2|0|0|2||
Genital candidiasis|2|2|0|0|2||
Genital haemorrhage|2|2|0|0|2||
Genital infection|2|2|0|0|2||
Genitourinary tract infection|2|2|0|0|2||
Gingival bleeding|2|2|0|0|2||
Gingival pain|2|2|0|0|2||
Gingival ulceration|2|1|1|0|2||
Glaucoma|2|0|2|0|2||
Glomerulonephritis membranous|2|1|1|0|1||
Glucose-6-phosphate dehydrogenase deficiency|2|1|1|0|1||
Glycosuria|2|2|0|0|2||
Haemarthrosis|2|2|0|0|2||
Haematocrit increased|2|2|0|0|2||
Haemodynamic instability|2|1|1|0|1||
Haemoglobin increased|2|2|0|0|2||
Haemolytic uraemic syndrome|2|1|1|0|1||
Haemorrhagic anaemia|2|2|0|0|2||
Haemorrhagic disorder|2|1|1|0|1||
Hair colour changes|2|2|0|0|2||
Heart rate irregular|2|0|2|0|2||
Hepatosplenic T-cell lymphoma|2|0|2|0|2||
Histiocytosis haematophagic|2|0|2|0|2||
Hodgkin's disease|2|0|2|0|2||
Hostility|2|1|1|0|2||
Hydronephrosis|2|1|1|0|2||
Hyperadrenocorticism|2|1|1|0|1||
Hyperaldosteronism|2|1|1|0|1||
Hyperchlorhydria|2|2|0|0|2||
Hypercorticoidism|2|0|2|0|2||
Hyperkeratosis|2|2|0|0|2||
Hypernatraemia|2|2|0|0|2||
Hyperosmolar state|2|0|2|0|2||
Hyperreflexia|2|1|1|0|2||
Hypersensitivity vasculitis|2|1|1|0|2||
Hypertensive emergency|2|1|1|0|1||
Hyperthyroidism|2|0|2|0|2||
Hypomania|2|1|1|0|1||
Hypopituitarism|2|1|1|0|1||
Infection protozoal|2|0|2|0|2||
Inflammation|2|0|2|0|2||
Infusion site pain|2|2|0|0|2||
Injection site coldness|2|2|0|0|2||
Injection site discomfort|2|2|0|0|2||
Injection site extravasation|2|2|0|0|2||
Injection site inflammation|2|2|0|0|2||
Injection site injury|2|1|1|0|1||
Injection site rash|2|2|0|0|2||
Intraventricular haemorrhage|2|1|1|0|2||
Joint swelling|2|2|0|0|2||
Keratitis|2|1|1|0|1||
Keratoacanthoma|2|1|1|0|1||
Lenticular opacities|2|1|1|0|2||
Leukoencephalopathy|2|1|1|0|1||
Ligament rupture|2|1|1|0|1||
Limb injury|2|1|1|0|1||
Lip ulceration|2|2|0|0|2||
Local swelling|2|2|0|0|2||
Localised oedema|2|2|0|0|2||
Loss of consciousness|2|1|1|0|2||
Low density lipoprotein abnormal|2|2|0|0|2||
Lower gastrointestinal haemorrhage|2|1|1|0|2||
Lymphocele|2|1|1|0|2||
Measles|2|1|1|0|2||
Meningitis cryptococcal|2|1|1|0|2||
Meningitis|2|1|1|0|1||
Multiple sclerosis|2|0|2|0|2||
Muscle haemorrhage|2|2|0|0|2||
Myoclonus|2|1|1|0|2||
Myoglobinuria|2|0|2|0|2||
Myopathy|2|2|0|0|2||
Nasal dryness|2|2|0|0|2||
Neoplasm|2|0|2|0|2||
Nephropathy toxic|2|1|1|0|1||
Neuralgia|2|2|0|0|2||
Neutropenic colitis|2|1|1|0|2||
Neutropenic sepsis|2|1|1|0|2||
Nocturia|2|2|0|0|2||
Nodal rhythm|2|1|1|0|2||
Ocular toxicity|2|1|1|0|1||
Oesophageal motility disorder|2|0|2|0|2||
Oesophagitis|2|2|0|0|2||
Ophthalmic herpes simplex|2|1|1|0|2||
Optic ischaemic neuropathy|2|1|1|0|1||
Optic nerve injury|2|1|1|0|1||
Organ failure|2|0|2|0|2||
Oropharyngeal candidiasis|2|1|1|0|1||
Osteomalacia|2|1|1|0|1||
Otitis media|2|2|0|0|2||
Pain in jaw|2|1|1|0|2||
Painful erection|2|1|1|0|2||
Parkinsonism|2|2|0|0|2||
Paronychia|2|2|0|0|2||
Penile infection|2|2|0|0|2||
Peptic ulcer|2|2|0|0|2||
Pericardial haemorrhage|2|2|0|0|2||
Peripheral coldness|2|1|1|0|1||
Personality change|2|1|1|0|2||
Phimosis|2|2|0|0|2||
Photopsia|2|2|0|0|2||
Pneumothorax|2|2|0|0|2||
Polyomavirus-associated nephropathy|2|1|1|0|1||
Portal vein thrombosis|2|1|1|0|1||
Post procedural complication|2|0|2|0|2||
Post procedural haemorrhage|2|1|1|0|2||
Priapism|2|0|2|0|2||
Prostate cancer|2|1|1|0|2||
Prostatitis|2|2|0|0|2||
Protein urine present|2|1|1|0|2||
Prothrombin time prolonged|2|2|0|0|2||
Psoriasis|2|1|1|0|2||
Psychiatric symptom|2|0|2|0|2||
Psychomotor hyperactivity|2|2|0|0|2||
Psychotic behaviour|2|1|1|0|2||
Psychotic disorder|2|1|1|0|1||
Pulmonary alveolar haemorrhage|2|1|1|0|2||
Purpura|2|1|1|0|2||
Rash vesicular|2|2|0|0|2||
Red blood cell count decreased|2|2|0|0|2||
Renal tubular disorder|2|1|1|0|1||
Renal tubular necrosis|2|2|0|0|2||
Reproductive toxicity|2|0|2|0|2||
Respiratory tract infection viral|2|2|0|0|2||
Resting tremor|2|2|0|0|2||
Restless legs syndrome|2|2|0|0|2||
Retinal degeneration|2|0|1|1|1||
Retinal dystrophy|2|0|1|1|1||
Retinal haemorrhage|2|2|0|0|2||
Retinal injury|2|0|1|1|1||
Retroperitoneal haemorrhage|2|2|0|0|2||
Second primary malignancy|2|1|1|0|1||
Serotonin syndrome|2|1|1|0|1||
Sinus bradycardia|2|1|1|0|2||
Sinus headache|2|2|0|0|2||
Skin erosion|2|1|1|0|1||
Skin lesion|2|2|0|0|2||
Skin odour abnormal|2|2|0|0|2||
Skin papilloma|2|2|0|0|2||
Sleep disorder|2|2|0|0|2||
Spinal cord haemorrhage|2|2|0|0|2||
Splenic rupture|2|1|1|0|1||
Splenomegaly|2|2|0|0|2||
Squamous cell carcinoma of skin|2|1|1|0|1||
Subarachnoid haemorrhage|2|2|0|0|2||
Subcutaneous abscess|2|2|0|0|2||
Subdural haematoma|2|1|1|0|1||
Subdural haemorrhage|2|2|0|0|2||
Supraventricular tachycardia|2|1|1|0|2||
Swelling face|2|2|0|0|2||
Tachypnoea|2|1|1|0|1||
Temperature regulation disorder|2|0|2|0|2||
Tendon rupture|2|1|1|0|1||
Thinking abnormal|2|0|2|0|2||
Thrombotic thrombocytopenic purpura|2|1|1|0|1||
Thyroid cancer stage 0|2|0|1|1|1||
Thyroxin binding globulin increased|2|0|2|0|2||
Tongue oedema|2|0|2|0|2||
Tonsillitis|2|2|0|0|2||
Torticollis|2|2|0|0|2||
Total lung capacity decreased|2|0|2|0|2||
Toxic skin eruption|2|1|1|0|2||
Toxicity to various agents|2|1|0|1|2||
Tracheal fistula|2|1|1|0|1||
Type I hypersensitivity|2|1|1|0|1||
Upper gastrointestinal haemorrhage|2|2|0|0|2||
Urine output increased|2|2|0|0|2||
Uterine haemorrhage|2|1|1|0|1||
Vaginal infection|2|2|0|0|2||
Vaginitis bacterial|2|2|0|0|2||
Varicella|2|1|1|0|2||
Ventricular arrhythmia|2|0|2|0|2||
Ventricular extrasystoles|2|2|0|0|2||
Ventricular fibrillation|2|2|0|0|2||
Vitreous floaters|2|2|0|0|2||
Vulvitis|2|2|0|0|2||
Wound dehiscence|2|1|1|0|2||
Wound haemorrhage|2|2|0|0|2||
Abdominal abscess|1|1|0|0|1||
Abnormal withdrawal bleeding|1|1|0|0|1||
Abortion late|1|0|1|0|1||
Abortion|1|0|1|0|1||
Acinar cell carcinoma of pancreas|1|0|1|0|1||
Acne pustular|1|1|0|0|1||
Activated partial thromboplastin time prolonged|1|1|0|0|1||
Activated partial thromboplastin time shortened|1|0|1|0|1||
Acute febrile neutrophilic dermatosis|1|1|0|0|1||
Acute myeloid leukaemia|1|0|1|0|1||
Acute prerenal failure|1|0|1|0|1||
Acute pulmonary oedema|1|1|0|0|1||
Acute sinusitis|1|1|0|0|1||
Adenocarcinoma pancreas|1|0|1|0|1||
Adenovirus infection|1|1|0|0|1||
Administration site pain|1|1|0|0|1||
Administration site pustule|1|0|1|0|1||
Adrenal disorder|1|0|1|0|1||
Adrenal neoplasm|1|0|1|0|1||
Adrenocortical insufficiency acute|1|0|1|0|1||
Affect lability|1|1|0|0|1||
Albumin urine present|1|1|0|0|1||
Alopecia totalis|1|1|0|0|1||
Alpha-1 anti-trypsin increased|1|0|1|0|1||
Alveolitis allergic|1|0|1|0|1||
Alveolitis|1|1|0|0|1||
American trypanosomiasis|1|1|0|0|1||
Amyotrophy|1|1|0|0|1||
Anaemia postoperative|1|1|0|0|1||
Anal haemorrhage|1|1|0|0|1||
Anger|1|1|0|0|1||
Angina unstable|1|1|0|0|1||
Angiogram abnormal|1|0|1|0|1||
Anterior chamber cell|1|1|0|0|1||
Anterior chamber flare|1|1|0|0|1||
Antinuclear antibody|1|1|0|0|1||
Apathy|1|1|0|0|1||
Appendicitis|1|1|0|0|1||
Application site bruise|1|1|0|0|1||
Application site discomfort|1|1|0|0|1||
Application site hyperaesthesia|1|1|0|0|1||
Application site hypoaesthesia|1|1|0|0|1||
Application site infection|1|1|0|0|1||
Application site oedema|1|1|0|0|1||
Application site papules|1|1|0|0|1||
Application site paraesthesia|1|1|0|0|1||
Application site scab|1|0|1|0|1||
Application site urticaria|1|1|0|0|1||
Application site warmth|1|1|0|0|1||
Arrhythmia supraventricular|1|1|0|0|1||
Arteriovenous fistula thrombosis|1|1|0|0|1||
Ascites|1|0|1|0|1||
Asymptomatic bacteriuria|1|1|0|0|1||
Atrial flutter with 1:1 atrioventricular conduction|1|1|0|0|1||
Atrioventricular block complete|1|0|1|0|1||
Atrioventricular block second degree|1|0|1|0|1||
Atypical fracture|1|0|1|0|1||
Atypical mycobacterial infection|1|0|1|0|1||
Autoimmune demyelinating disease|1|0|1|0|1||
Autoimmune neuropathy|1|0|1|0|1||
Autoimmune thyroiditis|1|0|1|0|1||
Autosomal chromosome anomaly|1|1|0|0|1||
Axillary mass|1|1|0|0|1||
Axillary pain|1|1|0|0|1||
Azotaemia|1|0|1|0|1||
BK virus infection|1|0|1|0|1||
Bacterial test positive|1|1|0|0|1||
Bacteriuria|1|1|0|0|1||
Balanoposthitis infective|1|1|0|0|1||
Bilirubin conjugated increased|1|1|0|0|1||
Bipolar disorder|1|1|0|0|1||
Blindness transient|1|1|0|0|1||
Blood albumin decreased|1|1|0|0|1||
Blood alkaline phosphatase abnormal|1|1|0|0|1||
Blood bilirubin unconjugated increased|1|1|0|0|1||
Blood blister|1|1|0|0|1||
Blood creatine increased|1|1|0|0|1||
Blood fibrinogen decreased|1|0|1|0|1||
Blood fibrinogen increased|1|0|1|0|1||
Blood follicle stimulating hormone increased|1|1|0|0|1||
Blood glucose abnormal|1|1|0|0|1||
Blood glucose fluctuation|1|0|1|0|1||
Blood insulin increased|1|1|0|0|1||
Blood iron increased|1|1|0|0|1||
Blood luteinising hormone increased|1|1|0|0|1||
Blood magnesium abnormal|1|1|0|0|1||
Blood magnesium increased|1|1|0|0|1||
Blood oestrogen increased|1|0|1|0|1||
Blood phosphorus abnormal|1|1|0|0|1||
Blood pressure systolic decreased|1|1|0|0|1||
Blood prolactin abnormal|1|0|1|0|1||
Blood prolactin decreased|1|1|0|0|1||
Blood sodium increased|1|1|0|0|1||
Blood testosterone decreased|1|0|1|0|1||
Blood testosterone increased|1|0|1|0|1||
Blood triglycerides abnormal|1|1|0|0|1||
Blood urea nitrogen/creatinine ratio increased|1|1|0|0|1||
Blood uric acid increased|1|1|0|0|1||
Body temperature increased|1|0|1|0|1||
Bone development abnormal|1|0|1|0|1||
Bone disorder|1|1|0|0|1||
Bone erosion|1|0|1|0|1||
Bradyarrhythmia|1|1|0|0|1||
Bradyphrenia|1|0|1|0|1||
Brain neoplasm|1|0|1|0|1||
Brain stem haemorrhage|1|1|0|0|1||
Breast discomfort|1|1|0|0|1||
Breast disorder|1|0|1|0|1||
Breast neoplasm|1|0|1|0|1||
Breast tenderness|1|1|0|0|1||
Bronchial carcinoma|1|0|1|0|1||
Bronchial hyperreactivity|1|1|0|0|1||
Brow ptosis|1|1|0|0|1||
Bulimia nervosa|1|1|0|0|1||
Carbohydrate metabolism disorder|1|0|1|0|1||
Carbon monoxide diffusing capacity decreased|1|0|1|0|1||
Cardiac failure acute|1|1|0|0|1||
Cardiac murmur|1|1|0|0|1||
Cardiac tamponade|1|1|0|0|1||
Cardiac valve replacement complication|1|0|1|0|1||
Catheter site haemorrhage|1|1|0|0|1||
Catheter site infection|1|0|1|0|1||
Catheter site pain|1|1|0|0|1||
Cauda equina syndrome|1|1|0|0|1||
Central nervous system haemorrhage|1|1|0|0|1||
Central nervous system infection|1|1|0|0|1||
Central nervous system viral infection|1|0|1|0|1||
Cerebellar syndrome|1|1|0|0|1||
Cerebral aspergillosis|1|1|0|0|1||
Cerebral thrombosis|1|1|0|0|1||
Cerebral venous thrombosis|1|1|0|0|1||
Ceruloplasmin increased|1|0|1|0|1||
Cervical dysplasia|1|0|1|0|1||
Cervicitis|1|1|0|0|1||
Cervix carcinoma|1|0|1|0|1||
Cheilitis|1|1|0|0|1||
Choking|1|1|0|0|1||
Cholecystitis acute|1|1|0|0|1||
Cholestasis|1|0|1|0|1||
Chondropathy|1|1|0|0|1||
Chromatopsia|1|1|0|0|1||
Chronic allograft nephropathy|1|1|0|0|1||
Chronic obstructive pulmonary disease|1|1|0|0|1||
Ciliary hyperaemia|1|1|0|0|1||
Claustrophobia|1|1|0|0|1||
Clonus|1|1|0|0|1||
Clumsiness|1|0|1|0|1||
Coagulation factor IX level increased|1|0|1|0|1||
Coagulation factor VIII level increased|1|0|1|0|1||
Coagulation factor X level increased|1|0|1|0|1||
Coagulation factor XII level increased|1|0|1|0|1||
Coagulation factor decreased|1|0|1|0|1||
Coagulation test abnormal|1|1|0|0|1||
Coagulopathy|1|1|0|0|1||
Cold sweat|1|1|0|0|1||
Colorectal cancer|1|0|1|0|1||
Complications of transplanted kidney|1|1|0|0|1||
Condition aggravated|1|0|1|0|1||
Conduction disorder|1|0|1|0|1||
Conjunctival discolouration|1|0|1|0|1||
Conjunctival oedema|1|1|0|0|1||
Conjunctivitis allergic|1|1|0|0|1||
Coombs test positive|1|1|0|0|1||
Corneal epithelium defect|1|1|0|0|1||
Corneal infection|1|0|1|0|1||
Corneal perforation|1|0|1|0|1||
Corneal pigmentation|1|1|0|0|1||
Corneal striae|1|1|0|0|1||
Coronary artery disease|1|0|1|0|1||
Coronary artery occlusion|1|1|0|0|1||
Corticosteroid binding globulin increased|1|0|1|0|1||
Crying|1|1|0|0|1||
Cryptococcal cutaneous infection|1|1|0|0|1||
Cushing's syndrome|1|0|1|0|1||
Cutaneous vasculitis|1|1|0|0|1||
Cyst|1|1|0|0|1||
Cytogenetic abnormality|1|1|0|0|1||
Cytokine storm|1|1|0|0|1||
Dandruff|1|1|0|0|1||
Death neonatal|1|0|1|0|1||
Defaecation urgency|1|1|0|0|1||
Demyelinating polyneuropathy|1|0|1|0|1||
Depersonalisation|1|1|0|0|1||
Depressed level of consciousness|1|0|1|0|1||
Depressive symptom|1|1|0|0|1||
Device related infection|1|1|0|0|1||
Diabetic ketoacidosis|1|1|0|0|1||
Diastolic dysfunction|1|1|0|0|1||
Dilatation ventricular|1|1|0|0|1||
Disability|1|0|1|0|1||
Disease progression|1|1|0|0|1||
Disseminated intravascular coagulation|1|0|1|0|1||
Diverticulitis|1|1|0|0|1||
Drooling|1|1|0|0|1||
Drug ineffective|1|0|1|0|1||
Drug withdrawal convulsions|1|1|0|0|1||
Duodenal ulcer|1|1|0|0|1||
Dysfunctional uterine bleeding|1|1|0|0|1||
Dyspareunia|1|1|0|0|1||
Dyspnoea at rest|1|1|0|0|1||
Dysthymic disorder|1|1|0|0|1||
Ejaculation delayed|1|1|0|0|1||
Ejaculation disorder|1|1|0|0|1||
Electrocardiogram QRS complex prolonged|1|0|1|0|1||
Electroencephalogram abnormal|1|1|0|0|1||
Electrolyte imbalance|1|0|1|0|1||
Electrooculogram abnormal|1|0|1|0|1||
Embolic stroke|1|0|1|0|1||
Embolism arterial|1|0|1|0|1||
Encephalitis enteroviral|1|1|0|0|1||
Endometrial cancer stage 0|1|0|1|0|1||
Eosinophil count increased|1|1|0|0|1||
Eructation|1|1|0|0|1||
Erysipelas|1|1|0|0|1||
Escherichia urinary tract infection|1|1|0|0|1||
Euphoric mood|1|1|0|0|1||
Excessive granulation tissue|1|1|0|0|1||
Excoriation|1|1|0|0|1||
Eye infection viral|1|0|1|0|1||
Eyelid disorder|1|1|0|0|1||
Eyelid irritation|1|1|0|0|1||
Eyelid margin crusting|1|1|0|0|1||
Facial pain|1|1|0|0|1||
Faecal incontinence|1|1|0|0|1||
Faecal volume increased|1|1|0|0|1||
Feeling drunk|1|1|0|0|1||
Feeling jittery|1|1|0|0|1||
Fine motor delay|1|1|0|0|1||
Focal nodular hyperplasia|1|1|0|0|1||
Foetal disorder|1|0|1|0|1||
Foetal malformation|1|0|1|0|1||
Forced expiratory volume abnormal|1|0|1|0|1||
Forced expiratory volume decreased|1|0|1|0|1||
Foreign body sensation in eyes|1|1|0|0|1||
Fungal skin infection|1|1|0|0|1||
Furuncle|1|1|0|0|1||
Gastric ulcer|1|1|0|0|1||
Gastritis erosive|1|1|0|0|1||
Gastritis haemorrhagic|1|1|0|0|1||
Gastrointestinal carcinoma|1|1|0|0|1||
Gastrointestinal infection|1|1|0|0|1||
Gastrointestinal pain|1|1|0|0|1||
Gastrointestinal tract irritation|1|0|1|0|1||
Gastrointestinal ulcer|1|1|0|0|1||
General physical health deterioration|1|1|0|0|1||
Genital cancer male|1|1|0|0|1||
Genital neoplasm malignant female|1|1|0|0|1||
Giardiasis|1|1|0|0|1||
Gingival erosion|1|0|1|0|1||
Gingival swelling|1|1|0|0|1||
Glioblastoma|1|0|1|0|1||
Glomerular filtration rate abnormal|1|1|0|0|1||
Glossitis|1|1|0|0|1||
Glucose tolerance decreased|1|0|1|0|1||
Gout|1|0|1|0|1||
Graft loss|1|0|1|0|1||
Groin pain|1|1|0|0|1||
Haematocrit abnormal|1|1|0|0|1||
Haemoconcentration|1|0|1|0|1||
Haemoglobin abnormal|1|1|0|0|1||
Haemoglobinuria|1|1|0|0|1||
Haemolysis|1|1|0|0|1||
Haemorrhagic erosive gastritis|1|1|0|0|1||
Haemorrhoidal haemorrhage|1|1|0|0|1||
Hair growth abnormal|1|1|0|0|1||
Hallucination, auditory|1|0|1|0|1||
Hallucination, visual|1|0|1|0|1||
Hallucinations, mixed|1|0|1|0|1||
Helminthic infection|1|1|0|0|1||
Hemiparesis|1|1|0|0|1||
Henoch-Schonlein purpura|1|1|0|0|1||
Hepatic adenoma|1|0|1|0|1||
Hepatic cancer|1|0|1|0|1||
Hepatic rupture|1|0|1|0|1||
Hepatic vein thrombosis|1|0|1|0|1||
Hepatitis infectious|1|1|0|0|1||
Hepatitis toxic|1|1|0|0|1||
Hepatocellular carcinoma|1|0|1|0|1||
Herpes simplex encephalitis|1|0|1|0|1||
Herpes zoster disseminated|1|0|1|0|1||
Hiatus hernia|1|1|0|0|1||
High density lipoprotein increased|1|0|1|0|1||
High turnover osteopathy|1|0|1|0|1||
Histoplasmosis disseminated|1|0|0|1|1||
Hookworm infection|1|1|0|0|1||
Human polyomavirus infection|1|1|0|0|1||
Hyperaemia|1|1|0|0|1||
Hyperaesthesia|1|1|0|0|1||
Hyperammonaemia|1|0|1|0|1||
Hypercoagulation|1|1|0|0|1||
Hyperinsulinaemia|1|1|0|0|1||
Hyperkinesia|1|1|0|0|1||
Hyperlipasaemia|1|1|0|0|1||
Hyperparathyroidism|1|1|0|0|1||
Hyperphosphataemia|1|1|0|0|1||
Hyperplasia|1|0|1|0|1||
Hypertensive heart disease|1|1|0|0|1||
Hypertonia|1|1|0|0|1||
Hypoaesthesia oral|1|1|0|0|1||
Hypochloraemia|1|0|1|0|1||
Hypokinesia|1|1|0|0|1||
Hypophysitis|1|0|1|0|1||
Hyposmia|1|1|0|0|1||
Hypospadias|1|1|0|0|1||
Hypothalamic pituitary adrenal axis suppression|1|0|1|0|1||
Hypothermia|1|1|0|0|1||
Hypotonia|1|1|0|0|1||
Idiosyncratic drug reaction|1|1|0|0|1||
Ileus paralytic|1|1|0|0|1||
Immune thrombocytopenic purpura|1|1|0|0|1||
Immunodeficiency|1|0|1|0|1||
Immunoglobulins decreased|1|1|0|0|1||
Impaired work ability|1|0|1|0|1||
Impetigo|1|1|0|0|1||
Impulse-control disorder|1|1|0|0|1||
Impulsive behaviour|1|0|1|0|1||
Inappropriate antidiuretic hormone secretion|1|0|1|0|1||
Incision site haematoma|1|1|0|0|1||
Incision site haemorrhage|1|1|0|0|1||
Incisional hernia|1|0|1|0|1||
Infarction|1|1|0|0|1||
Infection susceptibility increased|1|0|0|1|1||
Infusion site irritation|1|1|0|0|1||
Infusion site phlebitis|1|1|0|0|1||
Infusion site pruritus|1|1|0|0|1||
Infusion site rash|1|1|0|0|1||
Infusion site swelling|1|1|0|0|1||
Ingrowing nail|1|1|0|0|1||
Injection related reaction|1|1|0|0|1||
Injection site hypersensitivity|1|1|0|0|1||
Injection site hypoaesthesia|1|1|0|0|1||
Injection site oedema|1|1|0|0|1||
Injection site paraesthesia|1|1|0|0|1||
Injection site phlebitis|1|1|0|0|1||
Injection site urticaria|1|1|0|0|1||
Injection site vesicles|1|1|0|0|1||
International normalised ratio increased|1|1|0|0|1||
Intra-abdominal haemorrhage|1|0|1|0|1||
Intracranial pressure increased|1|1|0|0|1||
Invasive breast carcinoma|1|0|1|0|1||
Iridocyclitis|1|1|0|0|1||
Iron deficiency anaemia|1|1|0|0|1||
Irritable bowel syndrome|1|1|0|0|1||
Joint injury|1|1|0|0|1||
Joint stiffness|1|1|0|0|1||
Judgement impaired|1|0|1|0|1||
K-ras gene mutation|1|0|1|0|1||
Kidney infection|1|1|0|0|1||
Labile blood pressure|1|0|1|0|1||
Lacunar infarction|1|1|0|0|1||
Large intestinal ulcer|1|1|0|0|1||
Laryngospasm|1|1|0|0|1||
Left ventricular dysfunction|1|1|0|0|1||
Ligament injury|1|0|1|0|1||
Lip discolouration|1|0|1|0|1||
Lip oedema|1|1|0|0|1||
Lipids increased|1|0|1|0|1||
Lipodystrophy acquired|1|1|0|0|1||
Livedo reticularis|1|1|0|0|1||
Lobar pneumonia|1|1|0|0|1||
Low density lipoprotein decreased|1|0|1|0|1||
Low turnover osteopathy|1|0|1|0|1||
Lung disorder|1|0|1|0|1||
Lung infection|1|1|0|0|1||
Lung neoplasm|1|0|1|0|1||
Lupus nephritis|1|1|0|0|1||
Lymph node abscess|1|1|0|0|1||
Lymph node pain|1|1|0|0|1||
Lymphatic disorder|1|1|0|0|1||
Lymphocyte count increased|1|1|0|0|1||
Lymphocyte morphology abnormal|1|1|0|0|1||
Lymphoedema|1|1|0|0|1||
Major depression|1|1|0|0|1||
Malaria|1|1|0|0|1||
Male sexual dysfunction|1|1|0|0|1||
Masked facies|1|1|0|0|1||
Mass|1|1|0|0|1||
Mean cell haemoglobin concentration decreased|1|0|1|0|1||
Mean cell volume abnormal|1|1|0|0|1||
Mechanical urticaria|1|1|0|0|1||
Megacolon|1|1|0|0|1||
Menometrorrhagia|1|1|0|0|1||
Mental impairment|1|1|0|0|1||
Microcephaly|1|0|1|0|1||
Micturition urgency|1|1|0|0|1||
Mood altered|1|1|0|0|1||
Mucosal discolouration|1|0|1|0|1||
Mucosal erosion|1|1|0|0|1||
Mucosal ulceration|1|1|0|0|1||
Mucous stools|1|0|1|0|1||
Multiple sclerosis relapse|1|1|0|0|1||
Muscle atrophy|1|1|0|0|1||
Muscle contractions involuntary|1|1|0|0|1||
Muscle contracture|1|1|0|0|1||
Muscle disorder|1|1|0|0|1||
Muscle strain|1|1|0|0|1||
Muscle tightness|1|1|0|0|1||
Musculoskeletal discomfort|1|1|0|0|1||
Myasthenia gravis|1|0|1|0|1||
Mydriasis|1|1|0|0|1||
Myeloid metaplasia|1|0|1|0|1||
Nail bed infection|1|1|0|0|1||
Nail discolouration|1|0|1|0|1||
Nail disorder|1|1|0|0|1||
Nail infection|1|1|0|0|1||
Negative cardiac inotropic effect|1|0|1|0|1||
Neonatal anuria|1|0|1|0|1||
Neonatal disorder|1|0|1|0|1||
Neonatal hypotension|1|0|1|0|1||
Nephrogenic diabetes insipidus|1|1|0|0|1||
Neuroendocrine carcinoma of the skin|1|0|1|0|1||
Neuromyopathy|1|0|1|0|1||
Neurosensory hypoacusis|1|0|1|0|1||
Neutropenic infection|1|0|1|0|1||
Neutrophil count abnormal|1|1|0|0|1||
Neutrophil count increased|1|1|0|0|1||
Nightmare|1|1|0|0|1||
Nodule|1|1|0|0|1||
Non-high-density lipoprotein cholesterol increased|1|1|0|0|1||
Obstructive airways disorder|1|1|0|0|1||
Obstructive uropathy|1|0|1|0|1||
Occult blood positive|1|1|0|0|1||
Occult blood|1|1|0|0|1||
Ocular icterus|1|1|0|0|1||
Oculogyric crisis|1|1|0|0|1||
Oedema mouth|1|0|1|0|1||
Oesophageal disorder|1|1|0|0|1||
Oesophageal fistula|1|0|1|0|1||
Oesophageal ulcer|1|1|0|0|1||
Oestradiol decreased|1|0|1|0|1||
Oligohydramnios|1|0|1|0|1||
Oligomenorrhoea|1|0|1|0|1||
Oliguria|1|0|1|0|1||
Onychoclasis|1|1|0|0|1||
Optic atrophy|1|0|1|0|1||
Optic nerve disorder|1|0|1|0|1||
Oral discomfort|1|1|0|0|1||
Oral dysaesthesia|1|1|0|0|1||
Oral fungal infection|1|0|1|0|1||
Oral herpes|1|1|0|0|1||
Oral infection|1|1|0|0|1||
Oral mucosa erosion|1|1|0|0|1||
Oral mucosal discolouration|1|0|1|0|1||
Oral pain|1|1|0|0|1||
Orgasm abnormal|1|1|0|0|1||
Oromandibular dystonia|1|1|0|0|1||
Oropharyngeal discomfort|1|1|0|0|1||
Oropharyngeal swelling|1|1|0|0|1||
Oropharyngitis fungal|1|1|0|0|1||
Osteitis|1|0|1|0|1||
Osteoarthritis|1|1|0|0|1||
Osteomyelitis|1|0|1|0|1||
Ovarian cancer|1|0|1|0|1||
Ovarian cyst ruptured|1|1|0|0|1||
Ovarian cyst|1|1|0|0|1||
Overdose|1|1|0|0|1||
Overgrowth fungal|1|0|1|0|1||
Pancreatitis chronic|1|1|0|0|1||
Pancreatitis haemorrhagic|1|0|1|0|1||
Papilloedema|1|1|0|0|1||
Papilloma|1|1|0|0|1||
Paraesthesia oral|1|1|0|0|1||
Paranasal sinus hypersecretion|1|1|0|0|1||
Paranoia|1|1|0|0|1||
Parotid gland enlargement|1|1|0|0|1||
Partial seizures|1|1|0|0|1||
Penile blister|1|1|0|0|1||
Penile contusion|1|1|0|0|1||
Penile oedema|1|1|0|0|1||
Penile pain|1|1|0|0|1||
Penile swelling|1|1|0|0|1||
Periodontitis|1|0|1|0|1||
Periorbital haematoma|1|1|0|0|1||
Peripheral arterial occlusive disease|1|1|0|0|1||
Peripheral swelling|1|1|0|0|1||
Peritoneal disorder|1|0|1|0|1||
Peritoneal tuberculosis|1|1|0|0|1||
Persistent corneal epithelial defect|1|0|1|0|1||
Pharyngeal erythema|1|1|0|0|1||
Phlebitis superficial|1|1|0|0|1||
Pigmentation disorder|1|1|0|0|1||
Plasma cell myeloma|1|1|0|0|1||
Plasminogen activator inhibitor increased|1|0|1|0|1||
Plasminogen increased|1|0|1|0|1||
Plasmodium falciparum infection|1|1|0|0|1||
Platelet aggregation increased|1|0|1|0|1||
Platelet aggregation inhibition|1|0|1|0|1||
Platelet count abnormal|1|1|0|0|1||
Pleuritic pain|1|1|0|0|1||
Polycythaemia|1|1|0|0|1||
Polydipsia psychogenic|1|1|0|0|1||
Polydipsia|1|1|0|0|1||
Polymorphic light eruption|1|1|0|0|1||
Polymyalgia rheumatica|1|0|1|0|1||
Post procedural haematoma|1|1|0|0|1||
Posterior capsule opacification|1|1|0|0|1||
Postmenopausal haemorrhage|1|1|0|0|1||
Precancerous cells present|1|0|1|0|1||
Prehypertension|1|1|0|0|1||
Presbyopia|1|1|0|0|1||
Presyncope|1|1|0|0|1||
Procedural haemorrhage|1|1|0|0|1||
Procedural hypotension|1|1|0|0|1||
Productive cough|1|1|0|0|1||
Prostatic specific antigen increased|1|1|0|0|1||
Protein C decreased|1|0|1|0|1||
Protein S decreased|1|0|1|0|1||
Protein total increased|1|0|1|0|1||
Prothrombin level increased|1|0|1|0|1||
Prothrombin time shortened|1|0|1|0|1||
Protrusion tongue|1|1|0|0|1||
Prurigo|1|1|0|0|1||
Pruritus genital|1|1|0|0|1||
Psychomotor retardation|1|0|1|0|1||
Psychomotor skills impaired|1|1|0|0|1||
Pulmonary arterial hypertension|1|0|1|0|1||
Pulmonary function test decreased|1|0|1|0|1||
Pulmonary hypoplasia|1|0|1|0|1||
Punctate keratitis|1|1|0|0|1||
Pustular psoriasis|1|1|0|0|1||
Pyoderma|1|1|0|0|1||
Pyramidal tract syndrome|1|1|0|0|1||
Rales|1|1|0|0|1||
Red blood cell sedimentation rate increased|1|0|1|0|1||
Red blood cells urine positive|1|1|0|0|1||
Red blood cells urine|1|1|0|0|1||
Red man syndrome|1|0|1|0|1||
Renal artery stenosis|1|1|0|0|1||
Renal colic|1|1|0|0|1||
Renal cyst|1|1|0|0|1||
Renal disorder|1|1|0|0|1||
Renal failure neonatal|1|0|1|0|1||
Renal injury|1|0|1|0|1||
Renal transplant failure|1|0|1|0|1||
Respiratory depression|1|1|0|0|1||
Respiratory tract congestion|1|1|0|0|1||
Respiratory tract irritation|1|1|0|0|1||
Restrictive cardiomyopathy|1|0|1|0|1||
Restrictive pulmonary disease|1|1|0|0|1||
Retinal artery occlusion|1|0|1|0|1||
Retinal pigment epithelial tear|1|1|0|0|1||
Retinal pigmentation|1|0|1|0|1||
Retinal tear|1|1|0|0|1||
Retinal toxicity|1|1|0|0|1||
Retinal vascular thrombosis|1|0|1|0|1||
Retinogram abnormal|1|0|1|0|1||
Retrograde ejaculation|1|1|0|0|1||
Rhinitis allergic|1|1|0|0|1||
Scab|1|1|0|0|1||
Sciatica|1|1|0|0|1||
Scleral discolouration|1|0|1|0|1||
Scleral hyperaemia|1|1|0|0|1||
Scleritis|1|0|1|0|1||
Scrotal abscess|1|1|0|0|1||
Scrotal swelling|1|1|0|0|1||
Seasonal allergy|1|1|0|0|1||
Sensation of foreign body|1|1|0|0|1||
Sensory disturbance|1|1|0|0|1||
Sensory level abnormal|1|0|1|0|1||
Seroma|1|0|1|0|1||
Sex hormone binding globulin increased|1|0|1|0|1||
Sexual dysfunction|1|1|0|0|1||
Shock|1|0|1|0|1||
Sickle cell anaemia with crisis|1|0|1|0|1||
Silent myocardial infarction|1|0|1|0|1||
Sinus tachycardia|1|1|0|0|1||
Skin burning sensation|1|1|0|0|1||
Skin disorder|1|0|1|0|1||
Skin haemorrhage|1|1|0|0|1||
Skin hyperpigmentation|1|1|0|0|1||
Skin swelling|1|1|0|0|1||
Skin texture abnormal|1|0|1|0|1||
Sleep apnoea syndrome|1|1|0|0|1||
Sluggishness|1|1|0|0|1||
Spinal cord compression|1|1|0|0|1||
Spinal osteoarthritis|1|1|0|0|1||
Spontaneous haematoma|1|1|0|0|1||
Staphylococcal bacteraemia|1|1|0|0|1||
Steatorrhoea|1|1|0|0|1||
Stridor|1|1|0|0|1||
Sudden cardiac death|1|0|1|0|1||
Sudden hearing loss|1|0|1|0|1||
Sunburn|1|1|0|0|1||
Superior sagittal sinus thrombosis|1|0|1|0|1||
Suprapubic pain|1|1|0|0|1||
Supraventricular extrasystoles|1|1|0|0|1||
Swelling|1|0|1|0|1||
T-cell lymphoma|1|0|1|0|1||
Temporal arteritis|1|0|1|0|1||
Tenderness|1|1|0|0|1||
Tendon injury|1|0|1|0|1||
Tension headache|1|1|0|0|1||
Testicular pain|1|1|0|0|1||
Thermal burn|1|1|0|0|1||
Thrombophlebitis|1|1|0|0|1||
Thrombotic microangiopathy|1|1|0|0|1||
Thrombotic stroke|1|0|1|0|1||
Thyroid disorder|1|1|0|0|1||
Thyroid function test abnormal|1|1|0|0|1||
Thyroid hormones increased|1|0|1|0|1||
Thyroxine decreased|1|0|1|0|1||
Thyroxine free decreased|1|0|1|0|1||
Thyroxine increased|1|0|1|0|1||
Tinea versicolour|1|1|0|0|1||
Tongue ulceration|1|1|0|0|1||
Tooth abscess|1|1|0|0|1||
Tooth infection|1|0|1|0|1||
Torsade de pointes|1|0|1|0|1||
Transaminases abnormal|1|1|0|0|1||
Transplant dysfunction|1|1|0|0|1||
Transplant rejection|1|0|1|0|1||
Traumatic haematoma|1|1|0|0|1||
Tri-iodothyronine decreased|1|0|1|0|1||
Tri-iodothyronine free decreased|1|0|1|0|1||
Tri-iodothyronine increased|1|0|1|0|1||
Tri-iodothyronine uptake decreased|1|0|1|0|1||
Trigonitis|1|1|0|0|1||
Trismus|1|1|0|0|1||
Type III immune complex mediated reaction|1|0|1|0|1||
Type IV hypersensitivity reaction|1|0|1|0|1||
Ulcerative keratitis|1|0|1|0|1||
Upper limb fracture|1|1|0|0|1||
Urethral haemorrhage|1|1|0|0|1||
Urethritis|1|1|0|0|1||
Urinary casts|1|1|0|0|1||
Urinary tract infection fungal|1|1|0|0|1||
Urine output decreased|1|1|0|0|1||
Urogenital infection fungal|1|1|0|0|1||
Uterine leiomyoma|1|1|0|0|1||
Vasogenic cerebral oedema|1|0|1|0|1||
Ventricular dysfunction|1|1|0|0|1||
Ventricular tachyarrhythmia|1|0|1|0|1||
Vessel puncture site haematoma|1|1|0|0|1||
Viral upper respiratory tract infection|1|1|0|0|1||
Vitamin D deficiency|1|1|0|0|1||
Vitreous detachment|1|1|0|0|1||
Vitreous haemorrhage|1|1|0|0|1||
Vomiting projectile|1|1|0|0|1||
Vulval abscess|1|1|0|0|1||
Vulvovaginal pruritus|1|1|0|0|1||
Weight fluctuation|1|0|1|0|1||
West Nile viral infection|1|1|0|0|1||
White blood cell count abnormal|1|1|0|0|1||
White blood cells urine positive|1|1|0|0|1||
Wound infection|1|0|1|0|1||
Wound secretion|1|1|0|0|1||
Xeroderma|1|1|0|0|1||
Yawning|1|1|0|0|1||
