10011906|Death|101|57
10020751|Hypersensitivity|100|63
10028813|Nausea|91|77
10037844|Rash|90|74
10019211|Headache|77|69
10012735|Diarrhoea|73|59
10047700|Vomiting|67|55
10013573|Dizziness|66|55
10013968|Dyspnoea|57|43
10037087|Pruritus|56|45
10002198|Anaphylactic reaction|56|36
10000081|Abdominal pain|54|49
10016256|Fatigue|53|50
10001551|Alanine aminotransferase increased|46|36
10037660|Pyrexia|44|39
10046735|Urticaria|44|34
10021097|Hypotension|44|32
10002424|Angioedema|44|31
10003549|Asthenia|41|34
10021789|Infection|41|24
10011224|Cough|40|38
10010774|Constipation|39|39
10003239|Arthralgia|39|35
10035664|Pneumonia|39|32
10029354|Neutropenia|39|27
10020772|Hypertension|38|29
10028810|Nasopharyngitis|35|34
10046306|Upper respiratory tract infection|35|34
10002034|Anaemia|35|29
10003481|Aspartate aminotransferase increased|35|28
10022437|Insomnia|33|31
10003988|Back pain|32|31
10043554|Thrombocytopenia|32|25
10013946|Dyspepsia|31|31
10046571|Urinary tract infection|31|28
10061428|Decreased appetite|30|30
10030124|Oedema peripheral|29|29
10019851|Hepatotoxicity|29|16
10047513|Vision blurred|28|23
10069339|Acute kidney injury|27|21
10015150|Erythema|26|21
10039906|Seizure|26|20
10033425|Pain in extremity|25|24
10054889|Transaminases increased|25|21
10005483|Blood creatinine increased|25|18
10040914|Skin reaction|25|16
10028997|Neoplasm malignant|25|15
10033775|Paraesthesia|24|23
10012174|Dehydration|24|22
10005364|Blood bilirubin increased|24|21
10020635|Hyperglycaemia|24|21
10014387|Electrocardiogram QT prolonged|24|16
10042772|Syncope|23|20
10041349|Somnolence|23|16
10028334|Muscle spasms|22|22
10002855|Anxiety|22|21
10006451|Bronchitis|22|20
10021015|Hypokalaemia|22|20
10028411|Myalgia|22|19
10024384|Leukopenia|22|18
10040047|Sepsis|22|18
10062237|Renal impairment|22|14
10013781|Dry mouth|21|21
10013911|Dysgeusia|21|21
10008531|Chills|21|18
10033645|Pancreatitis|21|18
10043071|Tachycardia|21|15
10016852|Foetal damage|20|20
10012378|Depression|20|18
10016825|Flushing|20|15
10030901|Opportunistic infection|20|13
10022095|Injection site reaction|19|18
10026923|Maternal drugs affecting foetus|19|18
10040753|Sinusitis|19|18
10038435|Renal failure|19|14
10035742|Pneumonitis|19|11
10055798|Haemorrhage|19|11
10000087|Abdominal pain upper|18|18
10018884|Haemoglobin decreased|18|16
10020642|Hyperhidrosis|18|16
10028596|Myocardial infarction|18|13
10007554|Cardiac failure|18|12
10020993|Hypoglycaemia|18|12
10022000|Influenza|17|16
10047340|Vertigo|17|16
10022611|Interstitial lung disease|17|11
10044565|Tremor|16|15
10035528|Platelet count decreased|16|14
10013950|Dysphagia|16|11
10028372|Muscular weakness|16|11
10019663|Hepatic failure|16|10
10017885|Gastrooesophageal reflux disease|15|15
10047895|Weight decreased|15|14
10060795|Hepatic enzyme increased|15|13
10005750|Blood pressure increased|15|12
10010305|Confusional state|15|12
10042033|Stevens-Johnson syndrome|15|11
10001760|Alopecia|14|14
10028391|Musculoskeletal pain|14|14
10018867|Haematuria|14|13
10042128|Stomatitis|14|13
10019717|Hepatitis|14|12
10033371|Pain|14|12
10029331|Neuropathy peripheral|14|11
10016288|Febrile neutropenia|14|10
10017944|Gastrointestinal disorder|14|10
10042458|Suicidal ideation|14|9
10047461|Viral infection|14|9
10051792|Infusion related reaction|14|9
10015090|Epistaxis|13|13
10033557|Palpitations|13|13
10068319|Oropharyngeal pain|13|13
10008479|Chest pain|13|12
10025327|Lymphopenia|13|12
10003119|Arrhythmia|13|11
10029366|Neutrophil count decreased|13|11
10047899|Weight increased|13|11
10075534|Cardiovascular symptom|13|11
10037377|Pulmonary embolism|13|10
10006093|Bradycardia|13|9
10008190|Cerebrovascular accident|13|9
10061169|Embolism|13|9
10044755|Tuberculosis|13|8
10065604|Suicidal behaviour|13|8
10000059|Abdominal discomfort|12|12
10022086|Injection site pain|12|12
10059570|Blood alkaline phosphatase increased|12|12
10003658|Atrial fibrillation|12|11
10021058|Hypophosphataemia|12|11
10012434|Dermatitis allergic|12|10
10016029|Face oedema|12|10
10006482|Bronchospasm|12|9
10037032|Proteinuria|12|9
10044223|Toxic epidermal necrolysis|12|8
10045170|Tumour lysis syndrome|12|6
10016766|Flatulence|11|11
10020937|Hypoaesthesia|11|11
10039083|Rhinitis|11|11
10017577|Gait disturbance|11|10
10034829|Pharyngeal oedema|11|10
10037858|Rash generalised|11|10
10038695|Respiratory failure|11|10
10021036|Hyponatraemia|11|9
10030095|Oedema|11|9
10012431|Dermatitis|11|8
10013036|Diplopia|11|7
10051055|Deep vein thrombosis|11|7
10036807|Progressive multifocal leukoencephalopathy|11|6
10060945|Bacterial infection|11|6
10010741|Conjunctivitis|10|10
10013786|Dry skin|10|10
10025482|Malaise|10|10
10005557|Blood glucose increased|10|9
10010144|Completed suicide|10|9
10015993|Eyelid oedema|10|9
10001052|Acute respiratory distress syndrome|10|8
10007515|Cardiac arrest|10|8
10008469|Chest discomfort|10|8
10043607|Thrombosis|10|6
10002383|Angina pectoris|9|9
10016173|Fall|9|9
10017693|Gamma-glutamyltransferase increased|9|9
10017853|Gastritis|9|9
10017955|Gastrointestinal haemorrhage|9|9
10034835|Pharyngitis|9|9
10036018|Pollakiuria|9|9
10037867|Rash macular|9|9
10037868|Rash maculo-papular|9|9
10047942|White blood cell count decreased|9|9
10005470|Blood creatine phosphokinase increased|9|8
10012601|Diabetes mellitus|9|8
10013971|Dyspnoea exertional|9|8
10019974|Herpes zoster|9|8
10021027|Hypomagnesaemia|9|8
10025256|Lymphocyte count decreased|9|8
10009887|Colitis|9|7
10031127|Orthostatic hypotension|9|7
10033661|Pancytopenia|9|7
10073755|Pneumocystis jirovecii pneumonia|9|7
10013887|Dysarthria|9|6
10013952|Dysphonia|9|6
10042727|Swollen tongue|9|6
10047531|Visual acuity reduced|9|6
10074170|Candida infection|9|5
10067467|Nephrogenic systemic fibrosis|9|3
10000060|Abdominal distension|8|8
10005839|Blood triglycerides increased|8|8
10018767|Guillain-Barre syndrome|8|8
10002199|Anaphylactic shock|8|7
10007739|Cataract|8|7
10020646|Hyperkalaemia|8|7
10020947|Hypocalcaemia|8|7
10024670|Liver disorder|8|7
10027599|Migraine|8|7
10047924|Wheezing|8|7
10049848|Balance disorder|8|7
10006002|Bone pain|8|6
10007559|Cardiac failure congestive|8|6
10014522|Embolism venous|8|6
10017533|Fungal infection|8|6
10046555|Urinary retention|8|6
10050584|Contusion|8|6
10001507|Agranulocytosis|8|5
10024910|Low density lipoprotein increased|8|5
10039897|Sedation|8|5
10043528|Throat tightness|8|5
10061461|Erectile dysfunction|8|5
10005169|Blindness|8|4
10071066|Posterior reversible encephalopathy syndrome|8|4
10000496|Acne|7|7
10008111|Cerebral haemorrhage|7|7
10011781|Cystitis|7|7
10014950|Eosinophilia|7|7
10021654|Increased appetite|7|7
10022061|Injection site erythema|7|7
10022079|Injection site irritation|7|7
10022998|Irritability|7|7
10024264|Lethargy|7|7
10024690|Liver function test abnormal|7|7
10028735|Nasal congestion|7|7
10037876|Rash papular|7|7
10043882|Tinnitus|7|7
10060800|Hot flush|7|7
10011831|Cytomegalovirus infection|7|6
10012441|Dermatitis bullous|7|6
10013395|Disorientation|7|6
10013496|Disturbance in attention|7|6
10013990|Dysuria|7|6
10016334|Feeling hot|7|6
10018800|Gynaecomastia|7|6
10018852|Haematoma|7|6
10020869|Hypertriglyceridaemia|7|6
10022067|Injection site haemorrhage|7|6
10024574|Lipase increased|7|6
10027175|Memory impairment|7|6
10028034|Mouth ulceration|7|6
10034620|Peripheral sensory neuropathy|7|6
10044390|Transient ischaemic attack|7|6
10047571|Visual impairment|7|6
10003178|Arterial thrombosis|7|5
10016807|Fluid retention|7|5
10017076|Fracture|7|5
10019842|Hepatomegaly|7|5
10028600|Myocardial ischaemia|7|5
10033647|Pancreatitis acute|7|5
10040808|Skin cancer|7|5
10046543|Urinary incontinence|7|5
10049470|Bone density decreased|7|5
10061924|Pulmonary toxicity|7|5
10067125|Liver injury|7|5
10073508|Drug reaction with eosinophilia and systemic symptoms|7|5
10018358|Glomerular filtration rate decreased|7|4
10021137|Hypovolaemia|7|4
10074171|Aspergillus infection|7|4
10015995|Eyelid ptosis|7|3
10001497|Agitation|6|6
10002016|Amylase increased|6|6
10005724|Blood potassium decreased|6|6
10006784|Burning sensation|6|6
10007882|Cellulitis|6|6
10022066|Injection site haematoma|6|6
10022093|Injection site pruritus|6|6
10023644|Lacrimation increased|6|6
10028116|Mucosal inflammation|6|6
10034972|Photosensitivity reaction|6|6
10037855|Rash erythematous|6|6
10039020|Rhabdomyolysis|6|6
10043275|Teratogenicity|6|6
10058108|Dyslipidaemia|6|6
10062352|Respiratory tract infection|6|6
10002216|Anaphylactoid reaction|6|5
10014080|Ecchymosis|6|5
10015218|Erythema multiforme|6|5
10015958|Eye pain|6|5
10017788|Gastric haemorrhage|6|5
10018964|Haemoptysis|6|5
10019303|Heart rate increased|6|5
10021519|Impaired healing|6|5
10029216|Nervousness|6|5
10033553|Palmar-plantar erythrodysaesthesia syndrome|6|5
10034754|Petechiae|6|5
10040844|Skin exfoliation|6|5
10042434|Sudden death|6|5
10055690|Foetal death|6|5
10057668|Cognitive disorder|6|5
10011703|Cyanosis|6|4
10014893|Enterocolitis|6|4
10023163|JC virus infection|6|4
10024570|Lip swelling|6|4
10040070|Septic shock|6|4
10009657|Clostridium difficile colitis|6|3
10016642|Fibrosis|6|3
10025310|Lymphoma|6|3
10052366|Systemic mycosis|6|3
10061180|Genital infection fungal|6|3
10065042|Immune reconstitution inflammatory syndrome|6|3
10065553|Bone marrow failure|6|3
10043744|Thyroid neoplasm|6|2
10070568|Thyroid C-cell hyperplasia|6|2
10001488|Aggression|5|5
10001547|Alanine aminotransferase abnormal|5|5
10001949|Amnesia|5|5
10003504|Aspiration|5|5
10005425|Blood cholesterol increased|5|5
10005739|Blood pressure diastolic increased|5|5
10010071|Coma|5|5
10017888|Gastroenteritis|5|5
10019016|Haemorrhagic stroke|5|5
10019731|Hepatitis B|5|5
10020603|Hypercholesterolaemia|5|5
10020942|Hypoalbuminaemia|5|5
10022004|Influenza like illness|5|5
10023379|Ketoacidosis|5|5
10023848|Laryngeal pain|5|5
10024588|Lipids abnormal|5|5
10025197|Lymphadenopathy|5|5
10028653|Myositis|5|5
10029148|Nephrolithiasis|5|5
10029202|Nervous system disorder|5|5
10029410|Night sweats|5|5
10037884|Rash pruritic|5|5
10039101|Rhinorrhoea|5|5
10041232|Sneezing|5|5
10044055|Toothache|5|5
10048294|Mental status changes|5|5
10049471|Blood phosphorus decreased|5|5
10052904|Musculoskeletal stiffness|5|5
10061664|Autoimmune disorder|5|5
10062016|Immunosuppression|5|5
10075536|Eye symptom|5|5
10000125|Abnormal dreams|5|4
10001928|Amenorrhoea|5|4
10012432|Dermatitis acneiform|5|4
10013687|Drug eruption|5|4
10014184|Eczema|5|4
10015946|Eye irritation|5|4
10019973|Herpes virus infection|5|4
10020578|Hyperbilirubinaemia|5|4
10027514|Metrorrhagia|5|4
10028330|Muscle rigidity|5|4
10029864|Nystagmus|5|4
10034580|Peripheral motor neuropathy|5|4
10038669|Respiratory arrest|5|4
10038743|Restlessness|5|4
10038776|Retching|5|4
10040829|Skin discolouration|5|4
10046910|Vaginal haemorrhage|5|4
10047249|Venous thrombosis|5|4
10006486|Bronchospasm paradoxical|5|3
10007649|Cardiovascular disorder|5|3
10013916|Dyskinesia|5|3
10018001|Gastrointestinal perforation|5|3
10019708|Hepatic steatosis|5|3
10022806|Intraocular pressure increased|5|3
10029164|Nephrotic syndrome|5|3
10034545|Periorbital oedema|5|3
10040893|Skin necrosis|5|3
10022694|Intestinal perforation|5|2
10001053|Acute respiratory failure|4|4
10001540|Akathisia|4|4
10002958|Aphthous stomatitis|4|4
10003553|Asthma|4|4
10003662|Atrial flutter|4|4
10004078|Balanoposthitis|4|4
10005359|Blood bicarbonate decreased|4|4
10005760|Blood pressure systolic increased|4|4
10005802|Blood sodium decreased|4|4
10006242|Breast enlargement|4|4
10010356|Congenital anomaly|4|4
10010947|Coordination abnormal|4|4
10012218|Delirium|4|4
10013700|Drug hypersensitivity|4|4
10013774|Dry eye|4|4
10016322|Feeling abnormal|4|4
10018836|Haematochezia|4|4
10018838|Haematocrit decreased|4|4
10019022|Haemorrhoids|4|4
10019301|Heart rate decreased|4|4
10019670|Hepatic function abnormal|4|4
10020903|Hyperuricaemia|4|4
10021328|Ileus|4|4
10022052|Injection site bruising|4|4
10023126|Jaundice|4|4
10023845|Laryngeal oedema|4|4
10024419|Libido decreased|4|4
10024968|Lower respiratory tract infection|4|4
10027313|Menorrhagia|4|4
10028154|Multi-organ failure|4|4
10028836|Neck pain|4|4
10033664|Panic attack|4|4
10036102|Polymyositis|4|4
10036142|Polyuria|4|4
10037596|Pyelonephritis|4|4
10039424|Salivary hypersecretion|4|4
10042464|Suicide attempt|4|4
10043458|Thirst|4|4
10043521|Throat irritation|4|4
10046851|Uveitis|4|4
10047784|Vulvovaginal candidiasis|4|4
10047943|White blood cell count increased|4|4
10051608|Platelet count increased|4|4
10053425|Injection site swelling|4|4
10057755|Haematology test abnormal|4|4
10059245|Angiopathy|4|4
10064899|Vulvovaginal mycotic infection|4|4
10073306|Exposure to radiation|4|4
10003591|Ataxia|4|3
10003671|Atrioventricular block|4|3
10005780|Blood prolactin increased|4|3
10012442|Dermatitis contact|4|3
10014011|Ear infection|4|3
10014625|Encephalopathy|4|3
10018985|Haemorrhage intracranial|4|3
10019063|Hallucination|4|3
10020741|Hyperpyrexia|4|3
10020765|Hypersomnia|4|3
10020802|Hypertensive crisis|4|3
10021114|Hypothyroidism|4|3
10029117|Nephritis|4|3
10029282|Neuroleptic malignant syndrome|4|3
10030963|Oral candidiasis|4|3
10033546|Pallor|4|3
10034474|Pericardial effusion|4|3
10034484|Pericarditis|4|3
10037383|Pulmonary fibrosis|4|3
10037423|Pulmonary oedema|4|3
10037888|Rash pustular|4|3
10038687|Respiratory distress|4|3
10040400|Serum sickness|4|3
10040872|Skin infection|4|3
10041466|Speech disorder|4|3
10047555|Visual field defect|4|3
10048474|Fat redistribution|4|3
10049993|Cardiac death|4|3
10053692|Wound complication|4|3
10059024|Gastrointestinal toxicity|4|3
10060860|Neurological symptom|4|3
10061188|Haematotoxicity|4|3
10061296|Motor dysfunction|4|3
10062315|Lipohypertrophy|4|3
10001367|Adrenal insufficiency|4|2
10002500|Angle closure glaucoma|4|2
10005098|Blastomycosis|4|2
10007196|Capillary leak syndrome|4|2
10009825|Coccidioidomycosis|4|2
10015769|Extradural haematoma|4|2
10016717|Fistula|4|2
10017626|Gallbladder disorder|4|2
10020141|Histoplasmosis|4|2
10024641|Listeriosis|4|2
10027105|Medullary thyroid cancer|4|2
10029350|Neurotoxicity|4|2
10033799|Paralysis|4|2
10061266|Legionella infection|4|2
10064658|Osteonecrosis of jaw|4|2
10076051|Spinal cord haematoma|4|2
10000084|Abdominal pain lower|3|3
10000269|Abscess|3|3
10000389|Accommodation disorder|3|3
10000804|Acute hepatic failure|3|3
10001854|Altered state of consciousness|3|3
10002948|Aphasia|3|3
10003036|Application site dermatitis|3|3
10003041|Application site erythema|3|3
10003046|Application site irritation|3|3
10003051|Application site pain|3|3
10003285|Arthropathy|3|3
10003477|Aspartate aminotransferase abnormal|3|3
10003840|Autonomic nervous system imbalance|3|3
10004074|Balanitis candida|3|3
10004146|Basal cell carcinoma|3|3
10004161|Basedow's disease|3|3
10005148|Blepharitis|3|3
10005191|Blister|3|3
10005555|Blood glucose decreased|3|3
10005725|Blood potassium increased|3|3
10005833|Blood thyroid stimulating hormone increased|3|3
10006187|Breast cancer|3|3
10006298|Breast pain|3|3
10008612|Cholecystitis|3|3
10008629|Cholelithiasis|3|3
10011655|Cushingoid|3|3
10011878|Deafness|3|3
10012455|Dermatitis exfoliative|3|3
10013082|Discomfort|3|3
10013578|Dizziness postural|3|3
10013983|Dystonia|3|3
10014581|Encephalitis|3|3
10015916|Eye disorder|3|3
10015926|Eye haemorrhage|3|3
10015943|Eye inflammation|3|3
10016326|Feeling cold|3|3
10017367|Frequent bowel movements|3|3
10017918|Gastroenteritis viral|3|3
10018388|Glossodynia|3|3
10018830|Haematemesis|3|3
10018916|Haemolytic anaemia|3|3
10019837|Hepatocellular injury|3|3
10019948|Herpes simplex|3|3
10020583|Hypercalcaemia|3|3
10020843|Hyperthermia|3|3
10021857|Infection parasitic|3|3
10022112|Injection site warmth|3|3
10022116|Injury|3|3
10022687|Intestinal obstruction|3|3
10022955|Iritis|3|3
10023874|Laryngitis|3|3
10024378|Leukocytosis|3|3
10024604|Lipoatrophy|3|3
10024769|Local reaction|3|3
10025102|Lung infiltration|3|3
10027141|Melaena|3|3
10027327|Menstrual disorder|3|3
10027339|Menstruation irregular|3|3
10027417|Metabolic acidosis|3|3
10027951|Mood swings|3|3
10028347|Muscle twitching|3|3
10028606|Myocarditis|3|3
10029547|Non-Hodgkin's lymphoma|3|3
10029898|Obsessive-compulsive disorder|3|3
10030041|Ocular hyperaemia|3|3
10034018|Parosmia|3|3
10034879|Phlebitis|3|3
10034960|Photophobia|3|3
10036105|Polyneuropathy|3|3
10037440|Pulmonary tuberculosis|3|3
10038063|Rectal haemorrhage|3|3
10038683|Respiratory disorder|3|3
10039486|Sarcoidosis|3|3
10040742|Sinus congestion|3|3
10043563|Thrombocytosis|3|3
10047115|Vasculitis|3|3
10047794|Vulvovaginitis|3|3
10048302|Tubulointerstitial nephritis|3|3
10048941|Application site vesicles|3|3
10050819|Musculoskeletal chest pain|3|3
10051625|Conjunctival hyperaemia|3|3
10052140|Eye pruritus|3|3
10052576|Pruritus generalised|3|3
10054996|Infusion site reaction|3|3
10055164|Body fat disorder|3|3
10056866|Facial wasting|3|3
10058359|Hypogonadism|3|3
10058477|Blood bilirubin abnormal|3|3
10058806|Mycobacterium avium complex infection|3|3
10061024|Cardiac disorder|3|3
10061116|Electrocardiogram change|3|3
10061977|Genital infection female|3|3
10062060|Hyperlipidaemia|3|3
10062207|Mycobacterial infection|3|3
10062344|Congenital musculoskeletal anomaly|3|3
10062521|Genital infection male|3|3
10064579|Exfoliative rash|3|3
10064882|Procedural pain|3|3
10065577|Application site erosion|3|3
10065941|Central obesity|3|3
10070774|Respiratory tract oedema|3|3
10075531|Cutaneous symptom|3|3
10075535|Respiratory symptom|3|3
10013453|Disseminated tuberculosis|3|2
10017600|Galactorrhoea|3|2
10018429|Glucose tolerance impaired|3|2
10020737|Hyperprolactinaemia|3|2
10023572|Laceration|3|2
10025415|Macular oedema|3|2
10025650|Malignant melanoma|3|2
10026749|Mania|3|2
10028533|Myelodysplastic syndrome|3|2
10030942|Optic neuritis|3|2
10033318|Oxygen saturation decreased|3|2
10035598|Pleural effusion|3|2
10037400|Pulmonary hypertension|3|2
10038848|Retinal detachment|3|2
10038907|Retinal vein occlusion|3|2
10038908|Retinal vein thrombosis|3|2
10040943|Skin ulcer|3|2
10043118|Tardive dyskinesia|3|2
10043688|Thyroid adenoma|3|2
10046542|Urinary hesitation|3|2
10049564|Impaired driving ability|3|2
10050528|Ejection fraction decreased|3|2
10050551|Lupus-like syndrome|3|2
10058097|Metabolic disorder|3|2
10059516|Skin toxicity|3|2
10061256|Ischaemic stroke|3|2
10064445|Extrapulmonary tuberculosis|3|2
10066274|Cytopenia|3|2
10066474|Thyroid cancer|3|2
10072268|Drug-induced liver injury|3|2
10002974|Apnoea|3|1
10014695|Endocrine disorder|3|1
10016803|Fluid overload|3|1
10021143|Hypoxia|3|1
10023676|Lactic acidosis|3|1
10034305|Penile haemorrhage|3|1
10034336|Penis disorder|3|1
10038853|Retinal disorder|3|1
10051093|Cardiopulmonary failure|3|1
10051358|Post transplant lymphoproliferative disorder|3|1
10052015|Cytokine release syndrome|3|1
10052530|Fracture of penis|3|1
10068036|Penis injury|3|1
10070656|Penile haematoma|3|1
10000097|Abdominal tenderness|2|2
10000614|Actinic keratosis|2|2
10000830|Acute leukaemia|2|2
10002652|Anorgasmia|2|2
10002967|Aplastic anaemia|2|2
10003033|Application site anaesthesia|2|2
10003053|Application site pruritus|2|2
10003055|Application site reaction|2|2
10003059|Application site ulcer|2|2
10003246|Arthritis|2|2
10003674|Atrioventricular block first degree|2|2
10003757|Atypical pneumonia|2|2
10003997|Bacteraemia|2|2
10004939|Bipolar I disorder|2|2
10005159|Blepharospasm|2|2
10005395|Blood calcium decreased|2|2
10005423|Blood cholesterol abnormal|2|2
10005481|Blood creatinine abnormal|2|2
10005562|Blood gonadotrophin decreased|2|2
10005630|Blood lactate dehydrogenase increased|2|2
10005728|Blood pressure abnormal|2|2
10005734|Blood pressure decreased|2|2
10005851|Blood urea increased|2|2
10006100|Bradykinesia|2|2
10006469|Bronchopneumonia|2|2
10006514|Bruxism|2|2
10006578|Bundle branch block|2|2
10007617|Cardio-respiratory arrest|2|2
10008196|Cerebrovascular disorder|2|2
10008796|Chromaturia|2|2
10008943|Chronic leukaemia|2|2
10009192|Circulatory collapse|2|2
10010121|Compartment syndrome|2|2
10010719|Conjunctival haemorrhage|2|2
10011033|Corneal oedema|2|2
10011384|Creutzfeldt-Jakob disease|2|2
10012239|Delusion|2|2
10012305|Demyelination|2|2
10012374|Depressed mood|2|2
10013789|Dry throat|2|2
10013886|Dysaesthesia|2|2
10013935|Dysmenorrhoea|2|2
10014328|Ejaculation failure|2|2
10014363|Electrocardiogram abnormal|2|2
10014391|Electrocardiogram ST segment depression|2|2
10014394|Electrocardiogram T wave amplitude decreased|2|2
10014866|Enteritis|2|2
10014928|Enuresis|2|2
10015084|Episcleritis|2|2
10015226|Erythema nodosum|2|2
10015832|Extrapyramidal disorder|2|2
10015967|Eye swelling|2|2
10016936|Folliculitis|2|2
10017877|Gastrointestinal fistula|2|2
10018092|Generalised oedema|2|2
10018143|Genital candidiasis|2|2
10018276|Gingival bleeding|2|2
10018286|Gingival pain|2|2
10018304|Glaucoma|2|2
10018473|Glycosuria|2|2
10018829|Haemarthrosis|2|2
10018840|Haematocrit increased|2|2
10018870|Blood urine present|2|2
10018888|Haemoglobin increased|2|2
10019030|Hair colour changes|2|2
10019304|Heart rate irregular|2|2
10020206|Hodgkin's disease|2|2
10020400|Hostility|2|2
10020524|Hydronephrosis|2|2
10020601|Hyperchlorhydria|2|2
10020610|Hypercorticoidism|2|2
10020649|Hyperkeratosis|2|2
10020679|Hypernatraemia|2|2
10020697|Hyperosmolar state|2|2
10020745|Hyperreflexia|2|2
10020764|Hypersensitivity vasculitis|2|2
10020850|Hyperthyroidism|2|2
10021859|Infection protozoal|2|2
10022062|Injection site extravasation|2|2
10022078|Injection site inflammation|2|2
10022094|Injection site rash|2|2
10022840|Intraventricular haemorrhage|2|2
10023232|Joint swelling|2|2
10024214|Lenticular opacities|2|2
10024572|Lip ulceration|2|2
10024770|Local swelling|2|2
10024855|Loss of consciousness|2|2
10024901|Low density lipoprotein abnormal|2|2
10027011|Measles|2|2
10027209|Meningitis cryptococcal|2|2
10028245|Multiple sclerosis|2|2
10028309|Muscle haemorrhage|2|2
10028622|Myoclonus|2|2
10028629|Myoglobinuria|2|2
10028641|Myopathy|2|2
10028740|Nasal dryness|2|2
10028980|Neoplasm|2|2
10029223|Neuralgia|2|2
10029446|Nocturia|2|2
10029470|Nodal rhythm|2|2
10030216|Oesophagitis|2|2
10033078|Otitis media|2|2
10033433|Pain in jaw|2|2
10034010|Parkinsonism|2|2
10034016|Paronychia|2|2
10034341|Peptic ulcer|2|2
10034476|Pericardial haemorrhage|2|2
10034719|Personality change|2|2
10034878|Phimosis|2|2
10034962|Photopsia|2|2
10035759|Pneumothorax|2|2
10036661|Priapism|2|2
10036978|Prostatitis|2|2
10037063|Prothrombin time prolonged|2|2
10037153|Psoriasis|2|2
10037211|Psychomotor hyperactivity|2|2
10037249|Psychotic behaviour|2|2
10037313|Pulmonary alveolar haemorrhage|2|2
10037549|Purpura|2|2
10037898|Rash vesicular|2|2
10038153|Red blood cell count decreased|2|2
10038540|Renal tubular necrosis|2|2
10038867|Retinal haemorrhage|2|2
10038980|Retroperitoneal haemorrhage|2|2
10040741|Sinus bradycardia|2|2
10040744|Sinus headache|2|2
10040882|Skin lesion|2|2
10040904|Skin odour abnormal|2|2
10040907|Skin papilloma|2|2
10040984|Sleep disorder|2|2
10041660|Splenomegaly|2|2
10042316|Subarachnoid haemorrhage|2|2
10042343|Subcutaneous abscess|2|2
10042364|Subdural haemorrhage|2|2
10042604|Supraventricular tachycardia|2|2
10042682|Swelling face|2|2
10043431|Thinking abnormal|2|2
10043967|Tongue oedema|2|2
10044008|Tonsillitis|2|2
10044074|Torticollis|2|2
10044100|Total lung capacity decreased|2|2
10046274|Upper gastrointestinal haemorrhage|2|2
10046914|Vaginal infection|2|2
10046980|Varicella|2|2
10047281|Ventricular arrhythmia|2|2
10047289|Ventricular extrasystoles|2|2
10047290|Ventricular fibrillation|2|2
10047654|Vitreous floaters|2|2
10047780|Vulvitis|2|2
10048031|Wound dehiscence|2|2
10048461|Genital infection|2|2
10048595|Histiocytosis haematophagic|2|2
10048642|Lymphocele|2|2
10048943|Application site dryness|2|2
10048961|Localised oedema|2|2
10048992|Spinal cord haemorrhage|2|2
10049042|Application site inflammation|2|2
10049151|Neutropenic sepsis|2|2
10049398|Gingival ulceration|2|2
10049547|Antithrombin III decreased|2|2
10050082|Injection site coldness|2|2
10050196|Blood phosphorus increased|2|2
10050953|Lower gastrointestinal haemorrhage|2|2
10051077|Post procedural haemorrhage|2|2
10051267|Facial paresis|2|2
10051373|Wound haemorrhage|2|2
10051420|Thyroxin binding globulin increased|2|2
10052293|Haemorrhagic anaemia|2|2
10052501|Detachment of retinal pigment epithelium|2|2
10053123|Protein urine present|2|2
10053155|Epigastric discomfort|2|2
10053159|Organ failure|2|2
10053424|Application site swelling|2|2
10053483|Infusion site pain|2|2
10053657|Electrocardiogram PR prolongation|2|2
10053840|Bacterial sepsis|2|2
10054266|Injection site discomfort|2|2
10056303|Painful erection|2|2
10057970|Toxic skin eruption|2|2
10058046|Post procedural complication|2|2
10058920|Restless legs syndrome|2|2
10059896|Urine output increased|2|2
10060055|Antinuclear antibody positive|2|2
10060862|Prostate cancer|2|2
10060934|Allergic oedema|2|2
10061178|Genital haemorrhage|2|2
10061182|Genitourinary tract infection|2|2
10061218|Inflammation|2|2
10061376|Temperature regulation disorder|2|2
10061422|Abnormal behaviour|2|2
10061472|Psychiatric symptom|2|2
10061590|Blood disorder|2|2
10061596|Gastrointestinal malformation|2|2
10061912|Penile infection|2|2
10062106|Respiratory tract infection viral|2|2
10062167|Vaginitis bacterial|2|2
10062959|Neutropenic colitis|2|2
10064332|Complex regional pain syndrome|2|2
10064578|Application site exfoliation|2|2
10064848|Chronic kidney disease|2|2
10066957|Hepatosplenic T-cell lymphoma|2|2
10069162|Gasping syndrome|2|2
10070531|Foetal growth restriction|2|2
10070863|Toxicity to various agents|2|2
10071390|Resting tremor|2|2
10072419|Oesophageal motility disorder|2|2
10073938|Ophthalmic herpes simplex|2|2
10074268|Reproductive toxicity|2|2
10075941|Administration site irritation|2|2
10001382|Adrenal suppression|2|1
10005003|Bladder cancer|2|1
10005703|Blood parathyroid hormone increased|2|1
10005867|Blood zinc decreased|2|1
10007269|Carcinogenicity|2|1
10007636|Cardiomyopathy|2|1
10007764|Cataract subcapsular|2|1
10007776|Catatonia|2|1
10008570|Chloasma|2|1
10010933|Coombs direct test positive|2|1
10011372|Creatinine renal clearance decreased|2|1
10012267|Dementia|2|1
10012335|Dependence|2|1
10013663|Drug dependence|2|1
10014665|Endocarditis|2|1
10014733|Endometrial cancer|2|1
10014801|Endophthalmitis|2|1
10014962|Eosinophilic pneumonia|2|1
10015120|Erection increased|2|1
10015856|Extrasystoles|2|1
10015866|Extravasation|2|1
10015911|Eye burns|2|1
10015929|Eye infection|2|1
10016219|Fanconi syndrome|2|1
10016454|Femur fracture|2|1
10018372|Glomerulonephritis membranous|2|1
10018444|Glucose-6-phosphate dehydrogenase deficiency|2|1
10018932|Haemolytic uraemic syndrome|2|1
10019009|Haemorrhagic disorder|2|1
10020564|Hyperadrenocorticism|2|1
10020571|Hyperaldosteronism|2|1
10021030|Hypomania|2|1
10021067|Hypopituitarism|2|1
10023332|Keratitis|2|1
10023347|Keratoacanthoma|2|1
10024382|Leukoencephalopathy|2|1
10027199|Meningitis|2|1
10029155|Nephropathy toxic|2|1
10030924|Optic ischaemic neuropathy|2|1
10030938|Optic nerve injury|2|1
10031250|Osteomalacia|2|1
10034568|Peripheral coldness|2|1
10036206|Portal vein thrombosis|2|1
10038537|Renal tubular disorder|2|1
10038845|Retinal degeneration|2|1
10038857|Retinal dystrophy|2|1
10039801|Second primary malignancy|2|1
10040108|Serotonin syndrome|2|1
10040840|Skin erosion|2|1
10041658|Splenic rupture|2|1
10041834|Squamous cell carcinoma of skin|2|1
10042361|Subdural haematoma|2|1
10043089|Tachypnoea|2|1
10043248|Tendon rupture|2|1
10043648|Thrombotic thrombocytopenic purpura|2|1
10045240|Type I hypersensitivity|2|1
10046788|Uterine haemorrhage|2|1
10048610|Cardiotoxicity|2|1
10050346|Oropharyngeal candidiasis|2|1
10052076|Haemodynamic instability|2|1
10055116|Chemical eye injury|2|1
10056519|Abdominal infection|2|1
10057430|Retinal injury|2|1
10058179|Hypertensive emergency|2|1
10059193|Acute hepatitis B|2|1
10061137|Ocular toxicity|2|1
10061225|Limb injury|2|1
10061920|Psychotic disorder|2|1
10065381|Polyomavirus-associated nephropathy|2|1
10065433|Ligament rupture|2|1
10065787|Tracheal fistula|2|1
10066083|Injection site injury|2|1
10070567|Thyroid cancer stage 0|2|1
10070884|Atypical femur fracture|2|1
10000210|Abortion|1|1
10000513|Acne pustular|1|1
10000636|Activated partial thromboplastin time prolonged|1|1
10000637|Activated partial thromboplastin time shortened|1|1
10000748|Acute febrile neutrophilic dermatosis|1|1
10000880|Acute myeloid leukaemia|1|1
10001017|Acute prerenal failure|1|1
10001029|Acute pulmonary oedema|1|1
10001076|Acute sinusitis|1|1
10001347|Adrenal disorder|1|1
10001389|Adrenocortical insufficiency acute|1|1
10001582|Albumin urine present|1|1
10001766|Alopecia totalis|1|1
10001808|Alpha-1 anti-trypsin increased|1|1
10001889|Alveolitis|1|1
10001890|Alveolitis allergic|1|1
10001935|American trypanosomiasis|1|1
10002027|Amyotrophy|1|1
10002368|Anger|1|1
10002388|Angina unstable|1|1
10002807|Antinuclear antibody|1|1
10002942|Apathy|1|1
10003011|Appendicitis|1|1
10003050|Application site oedema|1|1
10003060|Application site warmth|1|1
10003130|Arrhythmia supraventricular|1|1
10003192|Arteriovenous fistula thrombosis|1|1
10003445|Ascites|1|1
10003673|Atrioventricular block complete|1|1
10003677|Atrioventricular block second degree|1|1
10003885|Azotaemia|1|1
10004056|Bacteriuria|1|1
10004685|Bilirubin conjugated increased|1|1
10005184|Blindness transient|1|1
10005287|Blood albumin decreased|1|1
10005370|Blood bilirubin unconjugated increased|1|1
10005372|Blood blister|1|1
10005464|Blood creatine increased|1|1
10005520|Blood fibrinogen decreased|1|1
10005521|Blood fibrinogen increased|1|1
10005534|Blood follicle stimulating hormone increased|1|1
10005554|Blood glucose abnormal|1|1
10005614|Blood insulin increased|1|1
10005620|Blood iron increased|1|1
10005649|Blood luteinising hormone increased|1|1
10005652|Blood magnesium abnormal|1|1
10005655|Blood magnesium increased|1|1
10005688|Blood oestrogen increased|1|1
10005758|Blood pressure systolic decreased|1|1
10005778|Blood prolactin abnormal|1|1
10005779|Blood prolactin decreased|1|1
10005803|Blood sodium increased|1|1
10005814|Blood testosterone decreased|1|1
10005815|Blood testosterone increased|1|1
10005837|Blood triglycerides abnormal|1|1
10005861|Blood uric acid increased|1|1
10005911|Body temperature increased|1|1
10005954|Bone development abnormal|1|1
10005956|Bone disorder|1|1
10006145|Brain stem haemorrhage|1|1
10006279|Breast neoplasm|1|1
10006313|Breast tenderness|1|1
10006417|Bronchial carcinoma|1|1
10006550|Bulimia nervosa|1|1
10007556|Cardiac failure acute|1|1
10007586|Cardiac murmur|1|1
10007610|Cardiac tamponade|1|1
10007821|Cauda equina syndrome|1|1
10008072|Cerebellar syndrome|1|1
10008132|Cerebral thrombosis|1|1
10008138|Cerebral venous thrombosis|1|1
10008219|Ceruloplasmin increased|1|1
10008263|Cervical dysplasia|1|1
10008323|Cervicitis|1|1
10008342|Cervix carcinoma|1|1
10008417|Cheilitis|1|1
10008589|Choking|1|1
10008614|Cholecystitis acute|1|1
10008635|Cholestasis|1|1
10008795|Chromatopsia|1|1
10009033|Chronic obstructive pulmonary disease|1|1
10009244|Claustrophobia|1|1
10009346|Clonus|1|1
10009696|Clumsiness|1|1
10009736|Coagulation factor decreased|1|1
10009748|Coagulation factor IX level increased|1|1
10009770|Coagulation factor VIII level increased|1|1
10009776|Coagulation factor X level increased|1|1
10009784|Coagulation factor XII level increased|1|1
10009802|Coagulopathy|1|1
10009866|Cold sweat|1|1
10010185|Complications of transplanted kidney|1|1
10010264|Condition aggravated|1|1
10010276|Conduction disorder|1|1
10010712|Conjunctival discolouration|1|1
10010726|Conjunctival oedema|1|1
10010744|Conjunctivitis allergic|1|1
10011010|Corneal epithelium defect|1|1
10011039|Corneal perforation|1|1
10011040|Corneal pigmentation|1|1
10011078|Coronary artery disease|1|1
10011086|Coronary artery occlusion|1|1
10011469|Crying|1|1
10011652|Cushing's syndrome|1|1
10011686|Cutaneous vasculitis|1|1
10011732|Cyst|1|1
10011859|Dandruff|1|1
10011912|Death neonatal|1|1
10012110|Defaecation urgency|1|1
10012357|Depersonalisation|1|1
10012373|Depressed level of consciousness|1|1
10012671|Diabetic ketoacidosis|1|1
10013012|Dilatation ventricular|1|1
10013050|Disability|1|1
10013442|Disseminated intravascular coagulation|1|1
10013538|Diverticulitis|1|1
10013642|Drooling|1|1
10013709|Drug ineffective|1|1
10013752|Drug withdrawal convulsions|1|1
10013836|Duodenal ulcer|1|1
10013908|Dysfunctional uterine bleeding|1|1
10013941|Dyspareunia|1|1
10013969|Dyspnoea at rest|1|1
10013982|Dysthymic disorder|1|1
10014325|Ejaculation delayed|1|1
10014326|Ejaculation disorder|1|1
10014380|Electrocardiogram QRS complex prolonged|1|1
10014408|Electroencephalogram abnormal|1|1
10014418|Electrolyte imbalance|1|1
10014456|Electrooculogram abnormal|1|1
10014498|Embolic stroke|1|1
10014513|Embolism arterial|1|1
10014737|Endometrial cancer stage 0|1|1
10014945|Eosinophil count increased|1|1
10015137|Eructation|1|1
10015145|Erysipelas|1|1
10015535|Euphoric mood|1|1
10015940|Eye infection viral|1|1
10016059|Facial pain|1|1
10016092|Faecal incontinence|1|1
10016330|Feeling drunk|1|1
10016338|Feeling jittery|1|1
10016985|Forced expiratory volume abnormal|1|1
10016987|Forced expiratory volume decreased|1|1
10017543|Fungal skin infection|1|1
10017553|Furuncle|1|1
10017822|Gastric ulcer|1|1
10017865|Gastritis erosive|1|1
10017866|Gastritis haemorrhagic|1|1
10017940|Gastrointestinal carcinoma|1|1
10017964|Gastrointestinal infection|1|1
10017999|Gastrointestinal pain|1|1
10018160|Genital neoplasm malignant female|1|1
10018262|Giardiasis|1|1
10018282|Gingival erosion|1|1
10018291|Gingival swelling|1|1
10018336|Glioblastoma|1|1
10018356|Glomerular filtration rate abnormal|1|1
10018386|Glossitis|1|1
10018428|Glucose tolerance decreased|1|1
10018627|Gout|1|1
10018735|Groin pain|1|1
10018873|Haemoconcentration|1|1
10018879|Haemoglobin abnormal|1|1
10018906|Haemoglobinuria|1|1
10018910|Haemolysis|1|1
10019044|Hair growth abnormal|1|1
10019070|Hallucination, auditory|1|1
10019075|Hallucination, visual|1|1
10019079|Hallucinations, mixed|1|1
10019465|Hemiparesis|1|1
10019617|Henoch-Schonlein purpura|1|1
10019629|Hepatic adenoma|1|1
10019707|Hepatic rupture|1|1
10019713|Hepatic vein thrombosis|1|1
10019780|Hepatitis infectious|1|1
10019795|Hepatitis toxic|1|1
10019953|Herpes simplex encephalitis|1|1
10020028|Hiatus hernia|1|1
10020061|High density lipoprotein increased|1|1
10020144|Histoplasmosis disseminated|1|1
10020376|Hookworm infection|1|1
10020565|Hyperaemia|1|1
10020568|Hyperaesthesia|1|1
10020575|Hyperammonaemia|1|1
10020608|Hypercoagulation|1|1
10020651|Hyperkinesia|1|1
10020705|Hyperparathyroidism|1|1
10020711|Hyperphosphataemia|1|1
10020718|Hyperplasia|1|1
10020823|Hypertensive heart disease|1|1
10020852|Hypertonia|1|1
10020955|Hypochloraemia|1|1
10021021|Hypokinesia|1|1
10021093|Hypospadias|1|1
10021113|Hypothermia|1|1
10021118|Hypotonia|1|1
10021333|Ileus paralytic|1|1
10021499|Immunoglobulins decreased|1|1
10021531|Impetigo|1|1
10021567|Impulsive behaviour|1|1
10021619|Incisional hernia|1|1
10021866|Infection susceptibility increased|1|1
10022013|Ingrowing nail|1|1
10022071|Injection site hypersensitivity|1|1
10022085|Injection site oedema|1|1
10022088|Injection site paraesthesia|1|1
10022090|Injection site phlebitis|1|1
10022107|Injection site urticaria|1|1
10022111|Injection site vesicles|1|1
10022595|International normalised ratio increased|1|1
10022773|Intracranial pressure increased|1|1
10022941|Iridocyclitis|1|1
10022972|Iron deficiency anaemia|1|1
10023003|Irritable bowel syndrome|1|1
10023230|Joint stiffness|1|1
10023236|Judgement impaired|1|1
10023424|Kidney infection|1|1
10023533|Labile blood pressure|1|1
10023799|Large intestinal ulcer|1|1
10023891|Laryngospasm|1|1
10024549|Lip discolouration|1|1
10024558|Lip oedema|1|1
10024592|Lipids increased|1|1
10024648|Livedo reticularis|1|1
10024738|Lobar pneumonia|1|1
10024909|Low density lipoprotein decreased|1|1
10025082|Lung disorder|1|1
10025140|Lupus nephritis|1|1
10025182|Lymph node pain|1|1
10025258|Lymphocyte count increased|1|1
10025282|Lymphoedema|1|1
10025487|Malaria|1|1
10026863|Masked facies|1|1
10026865|Mass|1|1
10026991|Mean cell haemoglobin concentration decreased|1|1
10027000|Mean cell volume abnormal|1|1
10027110|Megacolon|1|1
10027295|Menometrorrhagia|1|1
10027374|Mental impairment|1|1
10027534|Microcephaly|1|1
10027566|Micturition urgency|1|1
10027940|Mood altered|1|1
10028124|Mucosal ulceration|1|1
10028140|Mucous stools|1|1
10028289|Muscle atrophy|1|1
10028293|Muscle contractions involuntary|1|1
10028300|Muscle disorder|1|1
10028417|Myasthenia gravis|1|1
10028521|Mydriasis|1|1
10028561|Myeloid metaplasia|1|1
10028692|Nail discolouration|1|1
10028694|Nail disorder|1|1
10028934|Neonatal disorder|1|1
10029147|Nephrogenic diabetes insipidus|1|1
10029266|Neuroendocrine carcinoma of the skin|1|1
10029323|Neuromyopathy|1|1
10029368|Neutrophil count increased|1|1
10029412|Nightmare|1|1
10029984|Obstructive uropathy|1|1
10030071|Oculogyric crisis|1|1
10030110|Oedema mouth|1|1
10030201|Oesophageal ulcer|1|1
10030229|Oestradiol decreased|1|1
10030289|Oligohydramnios|1|1
10030295|Oligomenorrhoea|1|1
10030302|Oliguria|1|1
10030910|Optic atrophy|1|1
10030973|Oral discomfort|1|1
10030996|Oral mucosal discolouration|1|1
10031009|Oral pain|1|1
10031085|Orgasm abnormal|1|1
10031118|Oropharyngeal swelling|1|1
10031149|Osteitis|1|1
10031161|Osteoarthritis|1|1
10031252|Osteomyelitis|1|1
10033128|Ovarian cancer|1|1
10033132|Ovarian cyst|1|1
10033136|Ovarian cyst ruptured|1|1
10033295|Overdose|1|1
10033649|Pancreatitis chronic|1|1
10033650|Pancreatitis haemorrhagic|1|1
10033712|Papilloedema|1|1
10033713|Papilloma|1|1
10033864|Paranoia|1|1
10034023|Parotid gland enlargement|1|1
10034310|Penile pain|1|1
10034319|Penile swelling|1|1
10034539|Periodontitis|1|1
10034544|Periorbital haematoma|1|1
10034902|Phlebitis superficial|1|1
10035226|Plasma cell myeloma|1|1
10035495|Plasminogen increased|1|1
10035500|Plasmodium falciparum infection|1|1
10035518|Platelet aggregation increased|1|1
10035526|Platelet count abnormal|1|1
10035623|Pleuritic pain|1|1
10036051|Polycythaemia|1|1
10036067|Polydipsia|1|1
10036069|Polydipsia psychogenic|1|1
10036087|Polymorphic light eruption|1|1
10036099|Polymyalgia rheumatica|1|1
10036346|Posterior capsule opacification|1|1
10036628|Presbyopia|1|1
10036653|Presyncope|1|1
10036790|Productive cough|1|1
10036975|Prostatic specific antigen increased|1|1
10037005|Protein C decreased|1|1
10037016|Protein total increased|1|1
10037051|Prothrombin level increased|1|1
10037070|Prothrombin time shortened|1|1
10037076|Protrusion tongue|1|1
10037083|Prurigo|1|1
10037093|Pruritus genital|1|1
10037213|Psychomotor retardation|1|1
10037407|Pulmonary hypoplasia|1|1
10037508|Punctate keratitis|1|1
10037575|Pustular psoriasis|1|1
10037632|Pyoderma|1|1
10037833|Rales|1|1
10038182|Red blood cells urine positive|1|1
10038192|Red man syndrome|1|1
10038378|Renal artery stenosis|1|1
10038419|Renal colic|1|1
10038423|Renal cyst|1|1
10038428|Renal disorder|1|1
10038447|Renal failure neonatal|1|1
10038678|Respiratory depression|1|1
10038731|Respiratory tract irritation|1|1
10038748|Restrictive cardiomyopathy|1|1
10038827|Retinal artery occlusion|1|1
10038894|Retinal pigmentation|1|1
10038897|Retinal tear|1|1
10038967|Retrograde ejaculation|1|1
10039085|Rhinitis allergic|1|1
10039509|Scab|1|1
10039674|Sciatica|1|1
10039696|Scleral discolouration|1|1
10039705|Scleritis|1|1
10039759|Scrotal swelling|1|1
10040026|Sensory disturbance|1|1
10040102|Seroma|1|1
10040477|Sexual dysfunction|1|1
10040560|Shock|1|1
10040642|Sickle cell anaemia with crisis|1|1
10040752|Sinus tachycardia|1|1
10040831|Skin disorder|1|1
10040865|Skin hyperpigmentation|1|1
10040979|Sleep apnoea syndrome|1|1
10041052|Sluggishness|1|1
10041549|Spinal cord compression|1|1
10041591|Spinal osteoarthritis|1|1
10041969|Steatorrhoea|1|1
10042241|Stridor|1|1
10042496|Sunburn|1|1
10042567|Superior sagittal sinus thrombosis|1|1
10042602|Supraventricular extrasystoles|1|1
10042674|Swelling|1|1
10042971|T-cell lymphoma|1|1
10043207|Temporal arteritis|1|1
10043224|Tenderness|1|1
10043242|Tendon injury|1|1
10043269|Tension headache|1|1
10043345|Testicular pain|1|1
10043570|Thrombophlebitis|1|1
10043645|Thrombotic microangiopathy|1|1
10043647|Thrombotic stroke|1|1
10043709|Thyroid disorder|1|1
10043730|Thyroid function test abnormal|1|1
10043816|Thyroxine decreased|1|1
10043818|Thyroxine increased|1|1
10043991|Tongue ulceration|1|1
10044016|Tooth abscess|1|1
10044066|Torsade de pointes|1|1
10044439|Transplant rejection|1|1
10044522|Traumatic haematoma|1|1
10044594|Tri-iodothyronine decreased|1|1
10044596|Tri-iodothyronine increased|1|1
10044601|Tri-iodothyronine uptake decreased|1|1
10044668|Trigonitis|1|1
10044684|Trismus|1|1
10046480|Urethritis|1|1
10046533|Urinary casts|1|1
10046798|Uterine leiomyoma|1|1
10047482|Viral upper respiratory tract infection|1|1
10047626|Vitamin D deficiency|1|1
10047650|Vitreous detachment|1|1
10047655|Vitreous haemorrhage|1|1
10047708|Vomiting projectile|1|1
10047732|Vulval abscess|1|1
10047940|White blood cell count abnormal|1|1
10047967|White blood cells urine positive|1|1
10048038|Wound infection|1|1
10048218|Xeroderma|1|1
10048232|Yawning|1|1
10048393|Multiple sclerosis relapse|1|1
10048629|Wound secretion|1|1
10048667|Restrictive pulmonary disease|1|1
10048685|Oral infection|1|1
10048748|Graft loss|1|1
10048750|Axillary pain|1|1
10048762|Tooth infection|1|1
10048861|Anaemia postoperative|1|1
10048886|Onychoclasis|1|1
10048908|Seasonal allergy|1|1
10048955|Retinal toxicity|1|1
10048959|Peripheral swelling|1|1
10049021|Axillary mass|1|1
10049040|Weight fluctuation|1|1
10049041|Application site infection|1|1
10049043|Application site papules|1|1
10049046|Autoimmune thyroiditis|1|1
10049059|Urinary tract infection fungal|1|1
10049187|Red blood cell sedimentation rate increased|1|1
10049215|Psychomotor skills impaired|1|1
10049221|Haematocrit abnormal|1|1
10049223|Neonatal hypotension|1|1
10049287|Lipodystrophy acquired|1|1
10049418|Sudden cardiac death|1|1
10049438|General physical health deterioration|1|1
10049555|Anal haemorrhage|1|1
10049571|Scrotal abscess|1|1
10049671|Negative cardiac inotropic effect|1|1
10049673|Precancerous cells present|1|1
10049694|Left ventricular dysfunction|1|1
10049710|Urethral haemorrhage|1|1
10049765|Bradyarrhythmia|1|1
10049768|Silent myocardial infarction|1|1
10049778|Neonatal anuria|1|1
10049796|Excoriation|1|1
10049803|Blood glucose fluctuation|1|1
10049816|Muscle tightness|1|1
10049872|Breast discomfort|1|1
10049939|Faecal volume increased|1|1
10049998|Idiosyncratic drug reaction|1|1
10050012|Bradyphrenia|1|1
10050031|Muscle strain|1|1
10050100|Application site hyperaesthesia|1|1
10050103|Application site paraesthesia|1|1
10050104|Application site urticaria|1|1
10050114|Application site bruise|1|1
10050167|Lymph node abscess|1|1
10050515|Hyposmia|1|1
10050661|Platelet aggregation inhibition|1|1
10050676|Red blood cells urine|1|1
10050685|Cytokine storm|1|1
10050760|Blood urea nitrogen/creatinine ratio increased|1|1
10050820|Oral dysaesthesia|1|1
10050822|Suprapubic pain|1|1
10051017|Staphylococcal bacteraemia|1|1
10051078|Lacunar infarction|1|1
10051099|Catheter site haemorrhage|1|1
10051100|Incision site haemorrhage|1|1
10051116|Foreign body sensation in eyes|1|1
10051120|Protein S decreased|1|1
10051597|Cerebral aspergillosis|1|1
10051728|Bone erosion|1|1
10052118|Corneal striae|1|1
10052127|Anterior chamber flare|1|1
10052129|Ciliary hyperaemia|1|1
10052132|Eyelid margin crusting|1|1
10052238|Escherichia urinary tract infection|1|1
10052251|Respiratory tract congestion|1|1
10052268|Catheter site pain|1|1
10052285|Focal nodular hyperplasia|1|1
10052302|Impaired work ability|1|1
10052314|Lymphatic disorder|1|1
10052337|Diastolic dysfunction|1|1
10052747|Adenocarcinoma pancreas|1|1
10052847|Abortion late|1|1
10052898|Penile blister|1|1
10053156|Musculoskeletal discomfort|1|1
10053198|Inappropriate antidiuretic hormone secretion|1|1
10053262|Skin swelling|1|1
10053505|Infusion site swelling|1|1
10053583|Peritoneal tuberculosis|1|1
10053613|Type IV hypersensitivity reaction|1|1
10053614|Type III immune complex mediated reaction|1|1
10053615|Thermal burn|1|1
10053663|Infusion site phlebitis|1|1
10053664|Infusion site pruritus|1|1
10053748|Cardiac valve replacement complication|1|1
10053781|Anterior chamber cell|1|1
10053791|Tri-iodothyronine free decreased|1|1
10054089|Depressive symptom|1|1
10054107|Nodule|1|1
10054196|Affect lability|1|1
10054216|Cryptococcal cutaneous infection|1|1
10054786|Skin burning sensation|1|1
10054787|Haemorrhoidal haemorrhage|1|1
10054823|Blood phosphorus abnormal|1|1
10054877|Mucosal discolouration|1|1
10055162|Thyroxine free decreased|1|1
10055181|BK virus infection|1|1
10055870|Postmenopausal haemorrhage|1|1
10056131|Tinea versicolour|1|1
10056396|Asymptomatic bacteriuria|1|1
10056520|Catheter site infection|1|1
10056530|Vulvovaginal pruritus|1|1
10057009|Pharyngeal erythema|1|1
10057293|West Nile viral infection|1|1
10057366|Human polyomavirus infection|1|1
10057371|Hypoaesthesia oral|1|1
10057372|Paraesthesia oral|1|1
10057385|Eyelid irritation|1|1
10057392|Paranasal sinus hypersecretion|1|1
10057667|Bipolar disorder|1|1
10057672|Male sexual dysfunction|1|1
10057840|Major depression|1|1
10058049|Administration site pain|1|1
10058117|Ocular icterus|1|1
10059001|Brow ptosis|1|1
10059056|Ventricular dysfunction|1|1
10059096|Scleral hyperaemia|1|1
10059241|Incision site haematoma|1|1
10059421|Bacterial test positive|1|1
10059482|Neutropenic infection|1|1
10059571|Blood alkaline phosphatase abnormal|1|1
10059618|Plasminogen activator inhibitor increased|1|1
10059659|Sex hormone binding globulin increased|1|1
10059663|Retinogram abnormal|1|1
10059830|Infusion site rash|1|1
10059895|Urine output decreased|1|1
10060378|Hyperinsulinaemia|1|1
10060820|Joint injury|1|1
10060919|Foetal malformation|1|1
10060921|Abdominal abscess|1|1
10060931|Adenovirus infection|1|1
10060956|Angiogram abnormal|1|1
10060975|Autosomal chromosome anomaly|1|1
10061019|Brain neoplasm|1|1
10061021|Breast disorder|1|1
10061023|Carbohydrate metabolism disorder|1|1
10061036|Central nervous system infection|1|1
10061037|Central nervous system viral infection|1|1
10061090|Coombs test positive|1|1
10061130|Eyelid disorder|1|1
10061157|Foetal disorder|1|1
10061201|Helminthic infection|1|1
10061215|Impulse-control disorder|1|1
10061216|Infarction|1|1
10061223|Ligament injury|1|1
10061229|Lung infection|1|1
10061249|Intra-abdominal haemorrhage|1|1
10061297|Mucosal erosion|1|1
10061303|Nail bed infection|1|1
10061304|Nail infection|1|1
10061313|Neutrophil count abnormal|1|1
10061318|Oesophageal disorder|1|1
10061322|Optic nerve disorder|1|1
10061324|Oral fungal infection|1|1
10061334|Partial seizures|1|1
10061343|Peritoneal disorder|1|1
10061373|Sudden hearing loss|1|1
10061394|Upper limb fracture|1|1
10061451|Colorectal cancer|1|1
10061459|Gastrointestinal ulcer|1|1
10061481|Renal injury|1|1
10061549|Sensation of foreign body|1|1
10061567|Sensory level abnormal|1|1
10061588|Adrenal neoplasm|1|1
10061598|Immunodeficiency|1|1
10061663|Atypical mycobacterial infection|1|1
10061762|Chondropathy|1|1
10061788|Corneal infection|1|1
10061811|Demyelinating polyneuropathy|1|1
10061818|Disease progression|1|1
10061877|Obstructive airways disorder|1|1
10061878|Occult blood|1|1
10061880|Occult blood positive|1|1
10061891|Oropharyngitis fungal|1|1
10061922|Pulmonary function test decreased|1|1
10062042|Lung neoplasm|1|1
10062047|Lymphocyte morphology abnormal|1|1
10062080|Pigmentation disorder|1|1
10062108|Retinal vascular thrombosis|1|1
10062300|Procedural hypotension|1|1
10062575|Muscle contracture|1|1
10062585|Peripheral arterial occlusive disease|1|1
10062624|High turnover osteopathy|1|1
10062688|Transaminases abnormal|1|1
10062767|Hypophysitis|1|1
10062971|Retinal pigment epithelial tear|1|1
10063000|Low turnover osteopathy|1|1
10063072|Application site discomfort|1|1
10063161|Thyroid hormones increased|1|1
10063188|Post procedural haematoma|1|1
10063209|Chronic allograft nephropathy|1|1
10063557|Coagulation test abnormal|1|1
10063560|Excessive granulation tissue|1|1
10063636|Pyramidal tract syndrome|1|1
10063946|Encephalitis enteroviral|1|1
10063967|Non-high-density lipoprotein cholesterol increased|1|1
10064265|Skin haemorrhage|1|1
10064594|Oral mucosa erosion|1|1
10064687|Device related infection|1|1
10064911|Pulmonary arterial hypertension|1|1
10064996|Ulcerative keratitis|1|1
10065038|Herpes zoster disseminated|1|1
10065304|Spontaneous haematoma|1|1
10065341|Ventricular tachyarrhythmia|1|1
10065473|Infusion site irritation|1|1
10065582|Urogenital infection fungal|1|1
10065835|Oesophageal fistula|1|1
10065902|Vessel puncture site haematoma|1|1
10065906|Carbon monoxide diffusing capacity decreased|1|1
10065918|Prehypertension|1|1
10066088|Fine motor delay|1|1
10066091|Bronchial hyperreactivity|1|1
10066209|Application site scab|1|1
10066774|Penile oedema|1|1
10067152|Oral herpes|1|1
10067275|Vasogenic cerebral oedema|1|1
10067477|Cytogenetic abnormality|1|1
10067587|Neurosensory hypoacusis|1|1
10067725|Hyperlipasaemia|1|1
10067741|Balanoposthitis infective|1|1
10067786|Haemorrhagic erosive gastritis|1|1
10067954|Oromandibular dystonia|1|1
10068318|Oropharyngeal discomfort|1|1
10068773|Mechanical urticaria|1|1
10069195|Abnormal withdrawal bleeding|1|1
10069755|K-ras gene mutation|1|1
10070439|Autoimmune neuropathy|1|1
10070840|Gastrointestinal tract irritation|1|1
10071152|Injection related reaction|1|1
10071229|Procedural haemorrhage|1|1
10072043|Central nervous system haemorrhage|1|1
10072395|Atypical fracture|1|1
10072935|Corticosteroid binding globulin increased|1|1
10073069|Hepatic cancer|1|1
10073071|Hepatocellular carcinoma|1|1
10073116|Genital cancer male|1|1
10073352|Penile contusion|1|1
10073363|Acinar cell carcinoma of pancreas|1|1
10074052|Hypothalamic pituitary adrenal axis suppression|1|1
10074495|Renal transplant failure|1|1
10074585|Application site hypoaesthesia|1|1
10074586|Injection site hypoaesthesia|1|1
10074667|Immune thrombocytopenic purpura|1|1
10074860|Transplant dysfunction|1|1
10075267|Skin texture abnormal|1|1
10075399|Persistent corneal epithelial defect|1|1
10075688|Autoimmune demyelinating disease|1|1
10075713|Invasive breast carcinoma|1|1
10075963|Administration site pustule|1|1
10076040|Atrial flutter with 1:1 atrioventricular conduction|1|1
10076272|Overgrowth fungal|1|1
